MODELYEAR,MAKE,MODEL,VEHICLECLASS,ENGINESIZE,CYLINDERS,TRANSMISSION,FUELTYPE,FUELCONSUMPTION_CITY,FUELCONSUMPTION_HWY,FUELCONSUMPTION_COMB,FUELCONSUMPTION_COMB_MPG,CO2EMISSIONS
2014,ACURA,ILX,COMPACT,2,4,AS5,Z,9.9,6.7,8.5,33,196
2014,ACURA,ILX,COMPACT,2.4,4,M6,Z,11.2,7.7,9.6,29,221
2014,ACURA,ILX_HYBRID,COMPACT,1.5,4,AV7,Z,6,5.8,5.9,48,136
2014,ACURA,MDX_4WD,SUV_SMALL,3.5,6,AS6,Z,12.7,9.1,11.1,25,255
2014,ACURA,RDX_AWD,SUV_SMALL,3.5,6,AS6,Z,12.1,8.7,10.6,27,244
2014,ACURA,RLX,MID_SIZE,3.5,6,AS6,Z,11.9,7.7,10,28,230
2014,ACURA,TL,MID_SIZE,3.5,6,AS6,Z,11.8,8.1,10.1,28,232
2014,ACURA,TL_AWD,MID_SIZE,3.7,6,AS6,Z,12.8,9,11.1,25,255
2014,ACURA,TL_AWD,MID_SIZE,3.7,6,M6,Z,13.4,9.5,11.6,24,267
2014,ACURA,TSX,COMPACT,2.4,4,AS5,Z,10.6,7.5,9.2,31,212
2014,ACURA,TSX,COMPACT,2.4,4,M6,Z,11.2,8.1,9.8,29,225
2014,ACURA,TSX,COMPACT,3.5,6,AS5,Z,12.1,8.3,10.4,27,239
2014,ASTON_MARTIN,DB9,MINICOMPACT,5.9,12,A6,Z,18,12.6,15.6,18,359
2014,ASTON_MARTIN,RAPIDE,SUBCOMPACT,5.9,12,A6,Z,18,12.6,15.6,18,359
2014,ASTON_MARTIN,V8_VANTAGE,TWO_SEATER,4.7,8,AM7,Z,17.4,11.3,14.7,19,338
2014,ASTON_MARTIN,V8_VANTAGE,TWO_SEATER,4.7,8,M6,Z,18.1,12.2,15.4,18,354
2014,ASTON_MARTIN,V8_VANTAGE_S,TWO_SEATER,4.7,8,AM7,Z,17.4,11.3,14.7,19,338
2014,ASTON_MARTIN,V8_VANTAGE_S,TWO_SEATER,4.7,8,M6,Z,18.1,12.2,15.4,18,354
2014,ASTON_MARTIN,VANQUISH,MINICOMPACT,5.9,12,A6,Z,18,12.6,15.6,18,359
2014,AUDI,A4,COMPACT,2,4,AV8,Z,9.9,7.4,8.8,32,202
2014,AUDI,A4_QUATTRO,COMPACT,2,4,AS8,Z,11.5,8.1,10,28,230
2014,AUDI,A4_QUATTRO,COMPACT,2,4,M6,Z,10.8,7.5,9.3,30,214
2014,AUDI,A5_CABRIOLET_QUATTRO,SUBCOMPACT,2,4,AS8,Z,11.5,8.1,10,28,230
2014,AUDI,A5_QUATTRO,SUBCOMPACT,2,4,AS8,Z,11.5,8.1,10,28,230
2014,AUDI,A5_QUATTRO,SUBCOMPACT,2,4,M6,Z,10.8,7.5,9.3,30,214
2014,AUDI,A6_QUATTRO,MID_SIZE,2,4,AS8,Z,12,8.1,10.2,28,235
2014,AUDI,A6_QUATTRO,MID_SIZE,3,6,AS8,Z,12.8,8.6,10.9,26,251
2014,AUDI,A6_QUATTRO_TDI_CLEAN_DIESEL,MID_SIZE,3,6,AS8,D,9.8,6.4,8.3,34,224
2014,AUDI,A7_QUATTRO,MID_SIZE,3,6,AS8,Z,13.1,8.8,11.2,25,258
2014,AUDI,A7_QUATTRO_TDI_CLEAN_DIESEL,MID_SIZE,3,6,AS8,D,9.8,6.4,8.3,34,224
2014,AUDI,A8,MID_SIZE,3,6,AS8,Z,13.1,8.8,11.2,25,258
2014,AUDI,A8,MID_SIZE,4,8,AS8,Z,13.5,8.6,11.3,25,260
2014,AUDI,A8_TDI_CLEAN_DIESEL,MID_SIZE,3,6,AS8,D,10,6.4,8.4,34,227
2014,AUDI,A8L,FULL_SIZE,3,6,AS8,Z,13.1,8.8,11.2,25,258
2014,AUDI,A8L,FULL_SIZE,4,8,AS8,Z,14.7,9.7,12.5,23,288
2014,AUDI,A8L,FULL_SIZE,6.3,12,AS8,Z,18.2,12.6,15.7,18,361
2014,AUDI,A8L_TDI_CLEAN_DIESEL,FULL_SIZE,3,6,AS8,D,10.1,6.5,8.5,33,230
2014,AUDI,ALLROAD_QUATTRO,STATION_WAGON_SMALL,2,4,AS8,Z,11.8,8.8,10.5,27,242
2014,AUDI,Q5,SUV_SMALL,2,4,AS8,Z,12,8.5,10.4,27,239
2014,AUDI,Q5,SUV_SMALL,3,6,AS8,Z,12.9,9.2,11.2,25,258
2014,AUDI,Q5_HYBRID,SUV_SMALL,2,4,AS8,Z,9.9,8.3,9.2,31,212
2014,AUDI,Q5_TDI_CLEAN_DIESEL,SUV_SMALL,3,6,AS8,D,10.3,7.6,9.1,31,246
2014,AUDI,Q7,SUV_STANDARD,3,6,AS8,Z,15.1,10.9,13.2,21,304
2014,AUDI,Q7_TDI_CLEAN_DIESEL,SUV_STANDARD,3,6,AS8,D,12.9,8.4,10.9,26,294
2014,AUDI,R8,TWO_SEATER,4.2,8,A7,Z,17.6,11,14.6,19,336
2014,AUDI,R8,TWO_SEATER,4.2,8,M6,Z,21.2,13.4,17.7,16,407
2014,AUDI,R8,TWO_SEATER,5.2,10,A7,Z,18.8,11.3,15.4,18,354
2014,AUDI,R8,TWO_SEATER,5.2,10,M6,Z,21.1,13.8,17.8,16,409
2014,AUDI,R8_SPYDER,TWO_SEATER,4.2,8,A7,Z,17.6,11,14.6,19,336
2014,AUDI,R8_SPYDER,TWO_SEATER,4.2,8,M6,Z,21.2,13.4,17.7,16,407
2014,AUDI,R8_SPYDER,TWO_SEATER,5.2,10,A7,Z,18.8,11.3,15.4,18,354
2014,AUDI,R8_SPYDER,TWO_SEATER,5.2,10,M6,Z,21.1,13.8,17.8,16,409
2014,AUDI,RS5,SUBCOMPACT,4.2,8,A7,Z,15.3,10.9,13.3,21,306
2014,AUDI,RS5_CABRIOLET,SUBCOMPACT,4.2,8,A7,Z,15.2,11.3,13.4,21,308
2014,AUDI,RS7,MID_SIZE,4,8,AS8,Z,15.3,9.3,12.6,22,290
2014,AUDI,S4,COMPACT,3,6,A7,Z,13.2,9.2,11.4,25,262
2014,AUDI,S4,COMPACT,3,6,M6,Z,14.6,9.8,12.4,23,285
2014,AUDI,S5,SUBCOMPACT,3,6,A7,Z,13.2,9.2,11.4,25,262
2014,AUDI,S5,SUBCOMPACT,3,6,M6,Z,14.6,9.8,12.4,23,285
2014,AUDI,S5_CABRIOLET,SUBCOMPACT,3,6,A7,Z,13.3,9.5,11.6,24,267
2014,AUDI,S6,MID_SIZE,4,8,A7,Z,14.2,9.7,12.2,23,281
2014,AUDI,S7,MID_SIZE,4,8,A7,Z,14.2,9.7,12.2,23,281
2014,AUDI,S8,MID_SIZE,4,8,AS8,Z,15.4,9.8,12.9,22,297
2014,AUDI,SQ5,SUV_SMALL,3,6,AS8,Z,14.9,10.1,12.7,22,292
2014,AUDI,TT_COUPE_QUATTRO,SUBCOMPACT,2,4,A6,Z,10.4,7.6,9.1,31,209
2014,AUDI,TT_ROADSTER_QUATTRO,TWO_SEATER,2,4,A6,Z,10.4,7.6,9.1,31,209
2014,AUDI,TTS_COUPE_QUATTRO,SUBCOMPACT,2,4,A6,Z,11.5,8.8,10.3,27,237
2014,AUDI,TTS_ROADSTER_QUATTRO,TWO_SEATER,2,4,A6,Z,11.5,8.8,10.3,27,237
2014,BENTLEY,CONTINENTAL_GT,SUBCOMPACT,4,8,AS8,Z,15.4,9.8,12.9,22,297
2014,BENTLEY,CONTINENTAL_GT,SUBCOMPACT,6,12,AS8,Z,18.8,11.5,15.5,18,356
2014,BENTLEY,CONTINENTAL_GT_CONVERTIBLE,SUBCOMPACT,4,8,AS8,Z,16.8,10.3,13.9,20,320
2014,BENTLEY,CONTINENTAL_GT_SPEED_CONVERTIBLE,SUBCOMPACT,6,12,AS8,Z,20,12.2,16.5,17,380
2014,BENTLEY,CONTINENTAL_GTC,SUBCOMPACT,4,8,AS8,Z,16.7,10.6,14,20,322
2014,BENTLEY,CONTINENTAL_GTC,SUBCOMPACT,6,12,AS8,Z,20,12.2,16.5,17,380
2014,BENTLEY,FLYING_SPUR,MID_SIZE,6,12,AS8,Z,20,12.2,16.5,17,380
2014,BENTLEY,MULSANNE,MID_SIZE,6.8,8,AS8,Z,22.3,14.9,19,15,437
2014,BMW,320i,COMPACT,2,4,A8,Z,10,6.5,8.4,34,193
2014,BMW,320i,COMPACT,2,4,M6,Z,10.4,6.7,8.7,32,200
2014,BMW,320i_xDRIVE,COMPACT,2,4,A8,Z,10.2,7,8.8,32,202
2014,BMW,328d_xDRIVE,COMPACT,2,4,A8,D,7.6,5.5,6.7,42,181
2014,BMW,328d_xDRIVE_TOURING,STATION_WAGON_SMALL,2,4,A8,D,7.6,5.5,6.7,42,181
2014,BMW,328i,COMPACT,2,4,A8,Z,10,6.5,8.4,34,193
2014,BMW,328i,COMPACT,2,4,M6,Z,10.4,6.7,8.7,32,200
2014,BMW,328i_xDRIVE,COMPACT,2,4,A8,Z,10.6,7.2,9.1,31,209
2014,BMW,328i_xDRIVE_GRAN_TURISMO,FULL_SIZE,2,4,A8,Z,10.6,7.2,9.1,31,209
2014,BMW,328i_xDRIVE_TOURING,STATION_WAGON_SMALL,2,4,A8,Z,10.6,7.2,9.1,31,209
2014,BMW,335i,COMPACT,3,6,A8,Z,11.4,7.3,9.6,29,221
2014,BMW,335i,COMPACT,3,6,M6,Z,11.8,7.9,10,28,230
2014,BMW,335i_xDRIVE,COMPACT,3,6,A8,Z,11.7,7.8,9.9,29,228
2014,BMW,335i_xDRIVE,COMPACT,3,6,M6,Z,11.9,8.3,10.3,27,237
2014,BMW,335i_xDRIVE_GRAN_TURISMO,FULL_SIZE,3,6,A8,Z,11.9,8,10.1,28,232
2014,BMW,428i_COUPE,COMPACT,2,4,A8,Z,10,6.5,8.4,34,193
2014,BMW,428i_COUPE,COMPACT,2,4,M6,Z,10.4,6.7,8.7,32,200
2014,BMW,428i_xDRIVE_COUPE,COMPACT,2,4,A8,Z,10.6,7.2,9.1,31,209
2014,BMW,435i_COUPE,COMPACT,3,6,A8,Z,11.4,7.3,9.6,29,221
2014,BMW,435i_COUPE,COMPACT,3,6,M6,Z,11.8,7.9,10,28,230
2014,BMW,435i_xDRIVE_COUPE,COMPACT,3,6,A8,Z,11.7,7.8,9.9,29,228
2014,BMW,435i_xDRIVE_COUPE,COMPACT,3,6,M6,Z,11.9,8.3,10.3,27,237
2014,BMW,528i,MID_SIZE,2,4,A8,Z,10.2,7,8.8,32,202
2014,BMW,528i_xDRIVE,MID_SIZE,2,4,A8,Z,10.6,7.2,9.1,31,209
2014,BMW,535d_xDRIVE,MID_SIZE,3,6,A8,D,9.2,6.4,7.9,36,213
2014,BMW,535i_xDRIVE,MID_SIZE,3,6,A8,Z,11.9,8,10.1,28,232
2014,BMW,535i_xDRIVE_GRAN_TURISMO,FULL_SIZE,3,6,A8,Z,12.5,8.6,10.7,26,246
2014,BMW,550i_xDRIVE,MID_SIZE,4.4,8,A8,Z,14.4,9.6,12.2,23,281
2014,BMW,550i_xDRIVE_GRAN_TURISMO,FULL_SIZE,4.4,8,A8,Z,15,9.8,12.7,22,292
2014,BMW,640i_xDRIVE_GRAN_COUPE,COMPACT,3,6,A8,Z,11.9,8,10.1,28,232
2014,BMW,650i_xDRIVE_CABRIOLET,SUBCOMPACT,4.4,8,A8,Z,15,9.8,12.7,22,292
2014,BMW,650i_xDRIVE_COUPE,COMPACT,4.4,8,A8,Z,14.4,9.6,12.2,23,281
2014,BMW,650i_xDRIVE_GRAN_COUPE,COMPACT,4.4,8,A8,Z,15,9.8,12.7,22,292
2014,BMW,740Li_xDRIVE,FULL_SIZE,3,6,A8,Z,12.5,8.6,10.7,26,246
2014,BMW,750i_xDRIVE,FULL_SIZE,4.4,8,A8,Z,15,9.8,12.7,22,292
2014,BMW,750Li_xDRIVE,FULL_SIZE,4.4,8,A8,Z,15,9.8,12.7,22,292
2014,BMW,760Li,FULL_SIZE,6,12,A8,Z,18.7,11.5,15.5,18,356
2014,BMW,ACTIVEHYBRID_3,COMPACT,3,6,A8,Z,9.2,7.1,8.3,34,191
2014,BMW,ACTIVEHYBRID_5,MID_SIZE,3,6,A8,Z,10.5,7.9,9.3,30,214
2014,BMW,ACTIVEHYBRID_7L,FULL_SIZE,3,6,A8,Z,10.5,7.6,9.2,31,212
2014,BMW,ALPINA_B7_xDRIVE_LWB,FULL_SIZE,4.4,8,A8,Z,15,9.8,12.7,22,292
2014,BMW,ALPINA_B7_xDRIVE_SWB,FULL_SIZE,4.4,8,A8,Z,15,9.8,12.7,22,292
2014,BMW,M5,MID_SIZE,4.4,8,AM7,Z,17.3,11.5,14.7,19,338
2014,BMW,M5,MID_SIZE,4.4,8,M6,Z,16.2,10.9,13.8,20,317
2014,BMW,M6,COMPACT,4.4,8,AM7,Z,17.3,11.5,14.7,19,338
2014,BMW,M6,COMPACT,4.4,8,M6,Z,16.2,10.9,13.8,20,317
2014,BMW,M6_CABRIOLET,SUBCOMPACT,4.4,8,AM7,Z,17.3,11.5,14.7,19,338
2014,BMW,M6_CABRIOLET,SUBCOMPACT,4.4,8,M6,Z,16.2,10.9,13.8,20,317
2014,BMW,M6_GRAN_COUPE,COMPACT,4.4,8,AM7,Z,17.3,11.5,14.7,19,338
2014,BMW,M6_GRAN_COUPE,COMPACT,4.4,8,M6,Z,16.2,10.9,13.8,20,317
2014,BMW,X1_xDRIVE28i,SUV_SMALL,2,4,A8,Z,10.6,7.2,9.1,31,209
2014,BMW,X1_xDRIVE35i,SUV_SMALL,3,6,A6,Z,13.2,8.9,11.3,25,260
2014,BMW,X3_xDRIVE28i,SUV_SMALL,2,4,A8,Z,11.2,8.5,10,28,230
2014,BMW,X3_xDRIVE35i,SUV_SMALL,3,6,A8,Z,12.6,9.1,11,26,253
2014,BMW,X5_xDRIVE35i,SUV_STANDARD,3,6,A8,Z,12.9,8.8,11.1,25,255
2014,BMW,X5_xDRIVE50i,SUV_STANDARD,4.4,8,A8,Z,16.3,10.9,13.9,20,320
2014,BMW,X6_M,SUV_STANDARD,4.4,8,A6,Z,18.1,13.7,16.1,18,370
2014,BMW,X6_xDRIVE35i,SUV_STANDARD,3,6,A8,Z,13.6,9.8,11.9,24,274
2014,BMW,X6_xDRIVE50i,SUV_STANDARD,4.4,8,A8,Z,16.4,11.3,14.1,20,324
2014,BMW,Z4_sDRIVE28i,TWO_SEATER,2,4,A8,Z,10.8,7.1,9.1,31,209
2014,BMW,Z4_sDRIVE28i,TWO_SEATER,2,4,M6,Z,10.4,6.7,8.7,32,200
2014,BMW,Z4_sDRIVE35i,TWO_SEATER,3,6,AM7,Z,13.7,10.1,12.1,23,278
2014,BMW,Z4_sDRIVE35i,TWO_SEATER,3,6,M6,Z,12.7,9,11,26,253
2014,BMW,Z4_sDRIVE35is,TWO_SEATER,3,6,AM7,Z,13.7,10.1,12.1,23,278
2014,BUICK,ENCLAVE,SUV_STANDARD,3.6,6,A6,X,14.3,9.9,12.3,23,283
2014,BUICK,ENCLAVE_AWD,SUV_STANDARD,3.6,6,A6,X,14.6,10.2,12.6,22,290
2014,BUICK,ENCORE,SUV_SMALL,1.4,4,AS6,X,9.5,7.2,8.5,33,196
2014,BUICK,ENCORE_AWD,SUV_SMALL,1.4,4,AS6,X,10.2,8,9.2,31,212
2014,BUICK,LACROSSE,MID_SIZE,3.6,6,AS6,X,13.7,8.7,11.5,25,264
2014,BUICK,LACROSSE,MID_SIZE,3.6,6,AS6,E,18.4,12.2,15.6,18,250
2014,BUICK,LACROSSE_AWD,MID_SIZE,3.6,6,AS6,X,13.7,8.9,11.5,25,264
2014,BUICK,LACROSSE_AWD,MID_SIZE,3.6,6,AS6,E,19.4,13,16.5,17,264
2014,BUICK,LACROSSE_eASSIST,MID_SIZE,2.4,4,AS6,X,9.6,6.5,8.2,34,189
2014,BUICK,REGAL,MID_SIZE,2,4,AS6,Z,11.5,7.9,9.9,29,228
2014,BUICK,REGAL,MID_SIZE,2,4,M6,Z,11.6,7.5,9.8,29,225
2014,BUICK,REGAL_AWD,MID_SIZE,2,4,AS6,Z,12.3,8.7,10.7,26,246
2014,BUICK,REGAL_eASSIST,MID_SIZE,2.4,4,AS6,X,9.6,6.5,8.2,34,189
2014,BUICK,VERANO,COMPACT,2,4,AS6,Z,11.5,7.9,9.9,29,228
2014,BUICK,VERANO,COMPACT,2,4,M6,Z,11.6,7.5,9.8,29,225
2014,BUICK,VERANO,COMPACT,2.4,4,AS6,X,11.3,7.4,9.5,30,218
2014,CADILLAC,ATS,COMPACT,2,4,AS6,Z,11.3,7.5,9.6,29,221
2014,CADILLAC,ATS,COMPACT,2,4,M6,Z,12.1,7.9,10.2,28,235
2014,CADILLAC,ATS,COMPACT,2.5,4,AS6,X,10.5,7.2,9,31,207
2014,CADILLAC,ATS,COMPACT,3.6,6,AS6,X,12.8,8.5,10.9,26,251
2014,CADILLAC,ATS_AWD,COMPACT,2,4,AS6,Z,11.8,8.1,10.1,28,232
2014,CADILLAC,ATS_AWD,COMPACT,3.6,6,AS6,X,13.1,9,11.3,25,260
2014,CADILLAC,CTS_COUPE,MID_SIZE,3.6,6,AS6,X,13.2,8.7,11.2,25,258
2014,CADILLAC,CTS_COUPE_AWD,MID_SIZE,3.6,6,AS6,X,13.3,9,11.4,25,262
2014,CADILLAC,CTS_SEDAN,MID_SIZE,2,4,AS6,Z,11.9,7.9,10.1,28,232
2014,CADILLAC,CTS_SEDAN,MID_SIZE,3.6,6,AS8,X,12.9,8.2,10.8,26,248
2014,CADILLAC,CTS_SEDAN_AWD,MID_SIZE,2,4,AS6,Z,12.6,8.5,10.8,26,248
2014,CADILLAC,CTS_SEDAN_AWD,MID_SIZE,3.6,6,AS6,X,13.1,9,11.3,25,260
2014,CADILLAC,CTS_SEDAN_Vsport,MID_SIZE,3.6,6,AS8,Z,15.1,9.9,12.8,22,294
2014,CADILLAC,CTS_SPORT_WAGON,STATION_WAGON_SMALL,3,6,AS6,X,12.7,8.9,11,26,253
2014,CADILLAC,CTS_SPORT_WAGON,STATION_WAGON_SMALL,3.6,6,AS6,X,13.3,8.9,11.3,25,260
2014,CADILLAC,CTS_SPORT_WAGON_AWD,STATION_WAGON_SMALL,3,6,AS6,X,12.8,9.1,11.1,25,255
2014,CADILLAC,CTS_SPORT_WAGON_AWD,STATION_WAGON_SMALL,3.6,6,AS6,X,13.3,9,11.4,25,262
2014,CADILLAC,CTS_V_COUPE,MID_SIZE,6.2,8,AS6,Z,19.7,12.9,16.6,17,382
2014,CADILLAC,CTS_V_COUPE,MID_SIZE,6.2,8,M6,Z,16.7,12.5,14.8,19,340
2014,CADILLAC,CTS_V_SEDAN,MID_SIZE,6.2,8,AS6,Z,19.7,12.9,16.6,17,382
2014,CADILLAC,CTS_V_SEDAN,MID_SIZE,6.2,8,M6,Z,16.7,12.5,14.8,19,340
2014,CADILLAC,CTS_V_SPORT_WAGON,STATION_WAGON_SMALL,6.2,8,AS6,Z,19.7,12.9,16.6,17,382
2014,CADILLAC,CTS_V_SPORT_WAGON,STATION_WAGON_SMALL,6.2,8,M6,Z,16.7,12.5,14.8,19,340
2014,CADILLAC,ESCALADE_AWD,SUV_STANDARD,6.2,8,A6,Z,17,11.8,14.7,19,338
2014,CADILLAC,ESCALADE_AWD,SUV_STANDARD,6.2,8,A6,E,23.3,16.1,20.1,14,322
2014,CADILLAC,ESCALADE_ESV_AWD,SUV_STANDARD,6.2,8,A6,Z,18.8,13.4,16.4,17,377
2014,CADILLAC,ESCALADE_ESV_AWD,SUV_STANDARD,6.2,8,A6,E,25.7,17.8,22.1,13,354
2014,CADILLAC,SRX,SUV_STANDARD,3.6,6,AS6,X,14.3,9.8,12.3,23,283
2014,CADILLAC,SRX_AWD,SUV_STANDARD,3.6,6,AS6,X,14.8,10.4,12.8,22,294
2014,CADILLAC,XTS,FULL_SIZE,3.6,6,AS6,X,13.6,8.6,11.4,25,262
2014,CADILLAC,XTS_AWD,FULL_SIZE,3.6,6,AS6,X,14,9.1,11.8,24,271
2014,CADILLAC,XTS_Vsport_AWD,FULL_SIZE,3.6,6,AS6,Z,14.8,9.8,12.6,22,290
2014,CHEVROLET,CAMARO,COMPACT,3.6,6,AS6,X,13.2,8.7,11.2,25,258
2014,CHEVROLET,CAMARO,COMPACT,3.6,6,M6,X,14.2,8.6,11.7,24,269
2014,CHEVROLET,CAMARO_2LS,COMPACT,3.6,6,AS6,X,12.7,7.9,10.5,27,242
2014,CHEVROLET,CAMARO_SS,COMPACT,6.2,8,AS6,Z,15.3,9.8,12.8,22,294
2014,CHEVROLET,CAMARO_SS,COMPACT,6.2,8,M6,Z,15,9.9,12.7,22,292
2014,CHEVROLET,CAMARO_ZL1,COMPACT,6.2,8,AS6,Z,19.7,12.9,16.6,17,382
2014,CHEVROLET,CAMARO_ZL1,COMPACT,6.2,8,M6,Z,16.7,12.5,14.8,19,340
2014,CHEVROLET,CORVETTE,TWO_SEATER,6.2,8,AS6,Z,14.9,8.5,12,24,276
2014,CHEVROLET,CORVETTE,TWO_SEATER,6.2,8,M7,Z,13.7,8.2,11.2,25,258
2014,CHEVROLET,CRUZE,MID_SIZE,1.4,4,AS6,X,9.1,6.3,7.8,36,179
2014,CHEVROLET,CRUZE,MID_SIZE,1.4,4,M6,X,9.1,6.3,7.8,36,179
2014,CHEVROLET,CRUZE,MID_SIZE,1.8,4,AS6,X,10.5,6.7,8.8,32,202
2014,CHEVROLET,CRUZE,MID_SIZE,1.8,4,M6,X,9.5,6.5,8.2,34,189
2014,CHEVROLET,CRUZE_DIESEL,MID_SIZE,2,4,AS6,D,8.7,5.1,7.1,40,192
2014,CHEVROLET,CRUZE_ECO,MID_SIZE,1.4,4,A6,X,9.1,6,7.7,37,177
2014,CHEVROLET,CRUZE_ECO,MID_SIZE,1.4,4,M6,X,8.4,5.6,7.1,40,163
2014,CHEVROLET,EQUINOX,SUV_SMALL,2.4,4,A6,X,10.5,7.3,9.1,31,209
2014,CHEVROLET,EQUINOX,SUV_SMALL,3.6,6,A6,X,13.9,9.6,12,24,276
2014,CHEVROLET,EQUINOX,SUV_SMALL,3.6,6,A6,E,18.8,13.1,16.2,17,259
2014,CHEVROLET,EQUINOX_AWD,SUV_SMALL,2.4,4,A6,X,11.5,8.2,10,28,230
2014,CHEVROLET,EQUINOX_AWD,SUV_SMALL,3.6,6,A6,X,14.8,9.9,12.6,22,290
2014,CHEVROLET,EQUINOX_AWD,SUV_SMALL,3.6,6,A6,E,19.8,13.6,17,17,272
2014,CHEVROLET,EXPRESS_1500_CARGO,VAN_CARGO,4.3,6,A4,X,17.1,12.7,15.1,19,347
2014,CHEVROLET,EXPRESS_1500_CARGO,VAN_CARGO,5.3,8,A4,X,18,13.4,15.9,18,366
2014,CHEVROLET,EXPRESS_1500_CARGO,VAN_CARGO,5.3,8,A4,E,23.5,17.7,20.9,14,334
2014,CHEVROLET,EXPRESS_1500_CARGO_AWD,VAN_CARGO,5.3,8,A4,X,18.3,14.2,16.5,17,380
2014,CHEVROLET,EXPRESS_1500_CARGO_AWD,VAN_CARGO,5.3,8,A4,E,23.7,18.8,21.5,13,344
2014,CHEVROLET,EXPRESS_1500_CARGO_CONV,VAN_CARGO,5.3,8,A4,X,18.6,13.9,16.5,17,380
2014,CHEVROLET,EXPRESS_1500_CARGO_CONV,VAN_CARGO,5.3,8,A4,E,23.9,18.5,21.5,13,344
2014,CHEVROLET,EXPRESS_1500_CARGO_CONV_AWD,VAN_CARGO,5.3,8,A4,X,18.3,14.2,16.5,17,380
2014,CHEVROLET,EXPRESS_1500_CARGO_CONV_AWD,VAN_CARGO,5.3,8,A4,E,25.3,19.3,22.6,12,362
2014,CHEVROLET,EXPRESS_1500_PASSENGER,VAN_PASSENGER,5.3,8,A4,X,18.6,13.9,16.5,17,380
2014,CHEVROLET,EXPRESS_1500_PASSENGER,VAN_PASSENGER,5.3,8,A4,E,23.9,18.5,21.5,13,344
2014,CHEVROLET,EXPRESS_1500_PASSENGER_AWD,VAN_PASSENGER,5.3,8,A4,X,18.3,14.2,16.5,17,380
2014,CHEVROLET,EXPRESS_1500_PASSENGER_AWD,VAN_PASSENGER,5.3,8,A4,E,25.3,19.3,22.6,12,362
2014,CHEVROLET,EXPRESS_2500_PASSENGER,VAN_PASSENGER,4.8,8,A6,X,21.1,14.2,18,16,414
2014,CHEVROLET,EXPRESS_2500_PASSENGER,VAN_PASSENGER,6,8,A6,X,21.9,15,18.8,15,432
2014,CHEVROLET,EXPRESS_2500_PASSENGER,VAN_PASSENGER,6,8,A6,E,30,20.4,25.7,11,411
2014,CHEVROLET,EXPRESS_3500_PASSENGER,VAN_PASSENGER,4.8,8,A6,X,21.3,14.3,18.2,16,419
2014,CHEVROLET,EXPRESS_3500_PASSENGER,VAN_PASSENGER,6,8,A6,X,22.1,15,18.9,15,435
2014,CHEVROLET,EXPRESS_3500_PASSENGER,VAN_PASSENGER,6,8,A6,E,30.2,20.5,25.8,11,413
2014,CHEVROLET,IMPALA,FULL_SIZE,2.5,4,AS6,X,11.3,7.5,9.6,29,221
2014,CHEVROLET,IMPALA,FULL_SIZE,3.6,6,AS6,X,12.6,8.2,10.6,27,244
2014,CHEVROLET,IMPALA,FULL_SIZE,3.6,6,AS6,E,16.7,11.3,14.3,20,229
2014,CHEVROLET,IMPALA_ECO,FULL_SIZE,2.4,4,AS6,X,10,7,8.7,32,200
2014,CHEVROLET,MALIBU,MID_SIZE,2,4,AS6,Z,11.5,7.9,9.9,29,228
2014,CHEVROLET,MALIBU,MID_SIZE,2.5,4,AS6,X,9.3,6.4,8,35,184
2014,CHEVROLET,ORLANDO,SUV_SMALL,2.4,4,AS6,X,12.2,8.6,10.6,27,244
2014,CHEVROLET,ORLANDO,SUV_SMALL,2.4,4,M6,X,11.8,8.3,10.2,28,235
2014,CHEVROLET,SILVERADO,PICKUP_TRUCK_STANDARD,4.3,6,A6,X,13.4,9.9,11.8,24,271
2014,CHEVROLET,SILVERADO,PICKUP_TRUCK_STANDARD,4.3,6,A6,E,18.9,14.2,16.8,17,269
2014,CHEVROLET,SILVERADO,PICKUP_TRUCK_STANDARD,5.3,8,A6,X,14.6,10.3,12.7,22,292
2014,CHEVROLET,SILVERADO,PICKUP_TRUCK_STANDARD,5.3,8,A6,E,19.5,13.7,16.9,17,270
2014,CHEVROLET,SILVERADO,PICKUP_TRUCK_STANDARD,6.2,8,A6,Z,16.3,11.4,14.1,20,324
2014,CHEVROLET,SILVERADO_4WD,PICKUP_TRUCK_STANDARD,4.3,6,A6,X,14.2,10.6,12.6,22,290
2014,CHEVROLET,SILVERADO_4WD,PICKUP_TRUCK_STANDARD,4.3,6,A6,E,20,15.1,17.8,16,285
2014,CHEVROLET,SILVERADO_4WD,PICKUP_TRUCK_STANDARD,5.3,8,A6,X,14.9,10.6,13,22,299
2014,CHEVROLET,SILVERADO_4WD,PICKUP_TRUCK_STANDARD,5.3,8,A6,E,19.9,14.2,17.3,16,277
2014,CHEVROLET,SILVERADO_4WD,PICKUP_TRUCK_STANDARD,6.2,8,A6,Z,16.4,11.7,14.3,20,329
2014,CHEVROLET,SONIC,COMPACT,1.4,4,AS6,X,9.1,6.7,8,35,184
2014,CHEVROLET,SONIC,COMPACT,1.4,4,M6,X,8.5,6.2,7.5,38,173
2014,CHEVROLET,SONIC,COMPACT,1.8,4,AS6,X,9.6,6.6,8.3,34,191
2014,CHEVROLET,SONIC,COMPACT,1.8,4,M5,X,8.9,6.7,7.9,36,182
2014,CHEVROLET,SONIC_5,MID_SIZE,1.4,4,AS6,X,9.1,6.7,8,35,184
2014,CHEVROLET,SONIC_5,MID_SIZE,1.4,4,M6,X,8.5,6.2,7.5,38,172
2014,CHEVROLET,SONIC_5,MID_SIZE,1.8,4,AS6,X,9.6,6.6,8.3,34,191
2014,CHEVROLET,SONIC_5,MID_SIZE,1.8,4,M5,X,8.9,6.7,7.9,36,182
2014,CHEVROLET,SONIC_5_RS,MID_SIZE,1.4,4,AS6,X,9.4,7,8.3,34,191
2014,CHEVROLET,SONIC_5_RS,MID_SIZE,1.4,4,M6,X,8.7,7,7.9,36,182
2014,CHEVROLET,SONIC_RS,COMPACT,1.4,4,AS6,X,9.4,7,8.3,34,191
2014,CHEVROLET,SONIC_RS,COMPACT,1.4,4,M6,X,8.7,7,7.9,36,182
2014,CHEVROLET,SPARK,SUBCOMPACT,1.2,4,AV,X,7.7,6,6.9,41,159
2014,CHEVROLET,SPARK,SUBCOMPACT,1.2,4,M5,X,7.6,6,6.9,41,159
2014,CHEVROLET,SUBURBAN,SUV_STANDARD,5.3,8,A6,X,16,11.1,13.8,20,317
2014,CHEVROLET,SUBURBAN,SUV_STANDARD,5.3,8,A6,E,21.5,14.6,18.4,15,294
2014,CHEVROLET,SUBURBAN_4WD,SUV_STANDARD,5.3,8,A6,X,16,11.1,13.8,20,317
2014,CHEVROLET,SUBURBAN_4WD,SUV_STANDARD,5.3,8,A6,E,21.5,14.6,18.4,15,294
2014,CHEVROLET,TAHOE,SUV_STANDARD,5.3,8,A6,X,16,11.1,13.8,20,317
2014,CHEVROLET,TAHOE,SUV_STANDARD,5.3,8,A6,E,21.5,14.6,18.4,15,294
2014,CHEVROLET,TAHOE_4WD,SUV_STANDARD,5.3,8,A6,X,16,11.1,13.8,20,317
2014,CHEVROLET,TAHOE_4WD,SUV_STANDARD,5.3,8,A6,E,21.5,14.6,18.4,15,294
2014,CHEVROLET,TRAVERSE,SUV_STANDARD,3.6,6,A6,X,14.3,9.9,12.3,23,283
2014,CHEVROLET,TRAVERSE_AWD,SUV_STANDARD,3.6,6,A6,X,14.6,10.2,12.6,22,290
2014,CHEVROLET,TRAX,SUV_SMALL,1.4,4,AS6,X,9.4,7.1,8.4,34,193
2014,CHEVROLET,TRAX,SUV_SMALL,1.4,4,M6,X,9.1,6.8,8.1,35,186
2014,CHEVROLET,TRAX_AWD,SUV_SMALL,1.4,4,AS6,X,10,7.8,9,31,207
2014,CHRYSLER,300,FULL_SIZE,3.6,6,A8,X,12.4,7.7,10.3,27,237
2014,CHRYSLER,200_CONVERTIBLE,COMPACT,2.4,4,A4,X,11.7,8.2,10.1,28,232
2014,CHRYSLER,200_CONVERTIBLE,COMPACT,2.4,4,A6,X,12.9,8.1,10.7,26,246
2014,CHRYSLER,200_CONVERTIBLE_FFV,COMPACT,3.6,6,A6,X,12.5,8.1,10.5,27,242
2014,CHRYSLER,200_CONVERTIBLE_FFV,COMPACT,3.6,6,A6,E,17,11.2,14.4,20,230
2014,CHRYSLER,200_SEDAN,MID_SIZE,2.4,4,A4,X,11.2,8,9.8,29,225
2014,CHRYSLER,200_SEDAN,MID_SIZE,2.4,4,A6,X,12,7.6,10,28,230
2014,CHRYSLER,200_SEDAN_FFV,MID_SIZE,3.6,6,A6,X,12.5,8.1,10.5,27,242
2014,CHRYSLER,200_SEDAN_FFV,MID_SIZE,3.6,6,A6,E,17,11.2,14.4,20,230
2014,CHRYSLER,300_(MDS),FULL_SIZE,5.7,8,A5,X,15.8,9.2,12.8,22,294
2014,CHRYSLER,300_AWD,FULL_SIZE,3.6,6,A8,X,12.8,8.6,10.9,26,251
2014,CHRYSLER,300_AWD_(MDS),FULL_SIZE,5.7,8,A5,X,16.1,10,13.4,21,308
2014,CHRYSLER,300_AWD_FFV,FULL_SIZE,3.6,6,A8,X,12.8,8.6,10.9,26,251
2014,CHRYSLER,300_AWD_FFV,FULL_SIZE,3.6,6,A8,E,17.3,11.7,14.8,19,237
2014,CHRYSLER,300_FFV,FULL_SIZE,3.6,6,A8,X,12.4,7.7,10.3,27,237
2014,CHRYSLER,300_FFV,FULL_SIZE,3.6,6,A8,E,16.8,10.3,13.9,20,222
2014,CHRYSLER,300_SRT_(MDS),FULL_SIZE,6.4,8,A5,Z,16.7,10.3,13.8,20,317
2014,CHRYSLER,TOWN_&_COUNTRY_FFV,MINIVAN,3.6,6,A6,X,14.1,9.5,12,24,276
2014,CHRYSLER,TOWN_&_COUNTRY_FFV,MINIVAN,3.6,6,A6,E,19.7,13.3,16.8,17,269
2014,DODGE,AVENGER,MID_SIZE,2.4,4,A4,X,11.2,8,9.8,29,225
2014,DODGE,AVENGER,MID_SIZE,2.4,4,A6,X,12,7.6,10,28,230
2014,DODGE,AVENGER_FFV,MID_SIZE,3.6,6,A6,X,12.5,8.1,10.5,27,242
2014,DODGE,AVENGER_FFV,MID_SIZE,3.6,6,A6,E,17,11.2,14.4,20,230
2014,DODGE,CHALLENGER,MID_SIZE,3.6,6,A5,X,13.2,8.7,11.2,25,258
2014,DODGE,CHALLENGER,MID_SIZE,5.7,8,M6,X,15.6,10,13.1,22,301
2014,DODGE,CHALLENGER_(MDS),MID_SIZE,5.7,8,A5,X,15.8,9.2,12.8,22,294
2014,DODGE,CHALLENGER_SRT,MID_SIZE,6.4,8,M6,Z,16.8,10.4,13.9,20,320
2014,DODGE,CHALLENGER_SRT_(MDS),MID_SIZE,6.4,8,A5,Z,16.7,10.3,13.8,20,317
2014,DODGE,CHARGER,FULL_SIZE,3.6,6,A5,X,13.2,8.7,11.2,25,258
2014,DODGE,CHARGER,FULL_SIZE,3.6,6,A8,X,12.4,7.7,10.3,27,237
2014,DODGE,CHARGER_(MDS),FULL_SIZE,5.7,8,A5,X,15.8,9.2,12.8,22,294
2014,DODGE,CHARGER_AWD,FULL_SIZE,3.6,6,A8,X,12.8,8.6,10.9,26,251
2014,DODGE,CHARGER_AWD_(MDS),FULL_SIZE,5.7,8,A5,X,16.1,10,13.4,21,308
2014,DODGE,CHARGER_AWD_FFV,FULL_SIZE,3.6,6,A8,X,12.8,8.6,10.9,26,251
2014,DODGE,CHARGER_AWD_FFV,FULL_SIZE,3.6,6,A8,E,17.3,11.7,14.8,19,237
2014,DODGE,CHARGER_FFV,FULL_SIZE,3.6,6,A5,X,13.2,8.7,11.2,25,258
2014,DODGE,CHARGER_FFV,FULL_SIZE,3.6,6,A5,E,18.3,12.6,15.7,18,251
2014,DODGE,CHARGER_FFV,FULL_SIZE,3.6,6,A8,X,12.3,7.6,10.2,28,235
2014,DODGE,CHARGER_FFV,FULL_SIZE,3.6,6,A8,E,16.8,10.3,13.9,20,222
2014,DODGE,CHARGER_SRT_(MDS),FULL_SIZE,6.4,8,A5,Z,16.7,10.3,13.8,20,317
2014,DODGE,DART,MID_SIZE,2,4,M6,X,9.4,6.5,8.1,35,186
2014,DODGE,DART,MID_SIZE,2.4,4,A6,X,10.1,6.8,8.6,33,198
2014,DODGE,DART,MID_SIZE,2.4,4,M6,X,10.5,6.7,8.8,32,202
2014,DODGE,DART_FFV,MID_SIZE,2,4,A6,X,9.9,7,8.6,33,198
2014,DODGE,DART_FFV,MID_SIZE,2,4,A6,E,14.2,9.8,12.2,23,195
2014,DODGE,DART_GT,MID_SIZE,2.4,4,A6,X,10.6,7.5,9.2,31,212
2014,DODGE,DART_GT,MID_SIZE,2.4,4,M6,X,10.2,7,8.8,32,202
2014,DODGE,DART_TURBO_AERO,MID_SIZE,1.4,4,AM6,X,8.4,5.9,7.3,39,168
2014,DODGE,DART_TURBO_AERO,MID_SIZE,1.4,4,M6,X,8.5,5.8,7.3,39,168
2014,DODGE,DURANGO_AWD_(MDS),SUV_STANDARD,5.7,8,A8,X,17.3,10.8,14.4,20,331
2014,DODGE,DURANGO_AWD_FFV,SUV_STANDARD,3.6,6,A8,X,13.9,9.8,12.1,23,278
2014,DODGE,DURANGO_AWD_FFV,SUV_STANDARD,3.6,6,A8,E,17.7,13,15.6,18,250
2014,DODGE,GRAND_CARAVAN_FFV,MINIVAN,3.6,6,A6,X,13.7,9.4,11.8,24,271
2014,DODGE,GRAND_CARAVAN_FFV,MINIVAN,3.6,6,A6,E,19.2,13.1,16.5,17,264
2014,DODGE,JOURNEY,SUV_SMALL,2.4,4,A4,X,12.7,9.1,11.1,25,255
2014,DODGE,JOURNEY_AWD,SUV_SMALL,3.6,6,A6,X,14.5,9.9,12.4,23,285
2014,DODGE,JOURNEY_FFV,SUV_SMALL,3.6,6,A6,X,14.2,9.4,12,24,276
2014,DODGE,JOURNEY_FFV,SUV_SMALL,3.6,6,A6,E,18.9,12.9,16.2,17,259
2014,FIAT,500_ABARTH_CABRIO,MINICOMPACT,1.4,4,M5,X,8.5,6.9,7.8,36,179
2014,FIAT,500_ABARTH_HATCHBACK,MINICOMPACT,1.4,4,M5,X,8.5,6.9,7.8,36,179
2014,FIAT,500_CABRIO,MINICOMPACT,1.4,4,A6,X,8.7,6.9,7.9,36,182
2014,FIAT,500_CABRIO,MINICOMPACT,1.4,4,M5,X,7.9,6.3,7.2,39,166
2014,FIAT,500_CABRIO_TURBO,MINICOMPACT,1.4,4,M5,X,8.5,6.9,7.8,36,179
2014,FIAT,500_HATCHBACK,MINICOMPACT,1.4,4,A6,X,8.7,6.9,7.9,36,182
2014,FIAT,500_HATCHBACK,MINICOMPACT,1.4,4,M5,X,7.6,5.9,6.8,42,156
2014,FIAT,500_HATCHBACK_TURBO,MINICOMPACT,1.4,4,M5,X,8.5,6.9,7.8,36,179
2014,FIAT,500L_TURBO,STATION_WAGON_SMALL,1.4,4,AM6,X,10,7.2,8.7,32,200
2014,FIAT,500L_TURBO,STATION_WAGON_SMALL,1.4,4,M6,X,9.3,7.2,8.4,34,193
2014,FORD,C_MAX_HYBRID,FULL_SIZE,2,4,AV,X,5.6,6.4,6,47,138
2014,FORD,E150_VAN_FFV,VAN_CARGO,4.6,8,A4,X,17.7,14.4,16.2,17,373
2014,FORD,E150_VAN_FFV,VAN_CARGO,4.6,8,A4,E,24.1,19.2,21.9,13,350
2014,FORD,E150_VAN_FFV,VAN_CARGO,5.4,8,A4,X,19.3,14.7,17.2,16,396
2014,FORD,E150_VAN_FFV,VAN_CARGO,5.4,8,A4,E,24.9,19.6,22.5,13,360
2014,FORD,E150_WAGON_FFV,VAN_PASSENGER,4.6,8,A4,X,18.6,14.6,16.8,17,386
2014,FORD,E150_WAGON_FFV,VAN_PASSENGER,4.6,8,A4,E,25.5,20,23,12,368
2014,FORD,E350_WAGON,VAN_PASSENGER,6.8,10,A5,X,23.9,17.8,21.2,13,488
2014,FORD,E350_WAGON_FFV,VAN_PASSENGER,5.4,8,A4,X,20.6,15.5,18.3,15,421
2014,FORD,E350_WAGON_FFV,VAN_PASSENGER,5.4,8,A4,E,26.7,20.5,23.9,12,382
2014,FORD,EDGE,SUV_SMALL,2,4,A6,X,11.3,7.9,9.8,29,225
2014,FORD,EDGE,SUV_SMALL,3.5,6,AS6,X,12.6,8.7,10.8,26,248
2014,FORD,EDGE_AWD,SUV_SMALL,3.5,6,AS6,X,13.3,9.3,11.5,25,264
2014,FORD,EDGE_AWD,SUV_SMALL,3.7,6,AS6,X,13.7,10.4,12.2,23,281
2014,FORD,ESCAPE,SUV_SMALL,1.6,4,AS6,X,10.4,7.4,9.1,31,209
2014,FORD,ESCAPE,SUV_SMALL,2,4,AS6,X,10.9,8,9.6,29,221
2014,FORD,ESCAPE,SUV_SMALL,2.5,4,AS6,X,10.9,7.5,9.4,30,216
2014,FORD,ESCAPE_AWD,SUV_SMALL,1.6,4,AS6,X,10.5,7.9,9.3,30,214
2014,FORD,ESCAPE_AWD,SUV_SMALL,2,4,AS6,X,11.2,8.5,10,28,230
2014,FORD,EXPEDITION_4X4_FFV,SUV_STANDARD,5.4,8,A6,X,18.2,13.3,16,18,368
2014,FORD,EXPEDITION_4X4_FFV,SUV_STANDARD,5.4,8,A6,E,24.5,18,21.6,13,346
2014,FORD,EXPLORER,SUV_STANDARD,2,4,A6,X,11.8,8.3,10.2,28,235
2014,FORD,EXPLORER_AWD,SUV_STANDARD,3.5,6,AS6,X,14.8,10.7,13,22,299
2014,FORD,EXPLORER_FFV,SUV_STANDARD,3.5,6,AS6,X,13.7,9.7,11.9,24,274
2014,FORD,EXPLORER_FFV,SUV_STANDARD,3.5,6,AS6,E,18.3,12.9,15.9,18,254
2014,FORD,EXPLORER_FFV_AWD,SUV_STANDARD,3.5,6,AS6,X,14.3,10.3,12.5,23,288
2014,FORD,EXPLORER_FFV_AWD,SUV_STANDARD,3.5,6,AS6,E,18.9,13.9,16.7,17,267
2014,FORD,F150,PICKUP_TRUCK_STANDARD,3.5,6,A6,X,14.5,10.6,12.7,22,292
2014,FORD,F150,PICKUP_TRUCK_STANDARD,3.5,6,AS6,X,14.6,10.6,12.8,22,294
2014,FORD,F150,PICKUP_TRUCK_STANDARD,6.2,8,AS6,X,18.3,12.9,15.9,18,366
2014,FORD,F150_4X4,PICKUP_TRUCK_STANDARD,3.5,6,A6,X,15.9,11.3,13.8,20,317
2014,FORD,F150_4X4,PICKUP_TRUCK_STANDARD,3.5,6,AS6,X,15.4,11,13.4,21,308
2014,FORD,F150_4X4,PICKUP_TRUCK_STANDARD,6.2,8,AS6,X,20.1,14.4,17.5,16,402
2014,FORD,F150_FFV,PICKUP_TRUCK_STANDARD,3.7,6,A6,X,14,10.3,12.3,23,283
2014,FORD,F150_FFV,PICKUP_TRUCK_STANDARD,3.7,6,A6,E,18.8,13.7,16.5,17,264
2014,FORD,F150_FFV,PICKUP_TRUCK_STANDARD,3.7,6,AS6,X,14,10.3,12.3,23,283
2014,FORD,F150_FFV,PICKUP_TRUCK_STANDARD,3.7,6,AS6,E,18.8,13.7,16.5,17,264
2014,FORD,F150_FFV,PICKUP_TRUCK_STANDARD,5,8,A6,X,16.4,12.3,14.6,19,336
2014,FORD,F150_FFV,PICKUP_TRUCK_STANDARD,5,8,A6,E,22.1,16.7,19.7,14,315
2014,FORD,F150_FFV,PICKUP_TRUCK_STANDARD,5,8,AS6,X,16.4,12.3,14.6,19,336
2014,FORD,F150_FFV,PICKUP_TRUCK_STANDARD,5,8,AS6,E,22.1,16.7,19.7,14,315
2014,FORD,F150_FFV_4X4,PICKUP_TRUCK_STANDARD,3.7,6,A6,X,15,11.4,13.4,21,308
2014,FORD,F150_FFV_4X4,PICKUP_TRUCK_STANDARD,3.7,6,A6,E,20.2,15.3,18,16,288
2014,FORD,F150_FFV_4X4,PICKUP_TRUCK_STANDARD,3.7,6,AS6,X,15,11.4,13.4,21,308
2014,FORD,F150_FFV_4X4,PICKUP_TRUCK_STANDARD,3.7,6,AS6,E,20.2,15.3,18,16,288
2014,FORD,F150_FFV_4X4,PICKUP_TRUCK_STANDARD,5,8,A6,X,16.8,12.6,14.9,19,343
2014,FORD,F150_FFV_4X4,PICKUP_TRUCK_STANDARD,5,8,A6,E,22.4,17,20,14,320
2014,FORD,F150_FFV_4X4,PICKUP_TRUCK_STANDARD,5,8,AS6,X,16.7,12.5,14.8,19,340
2014,FORD,F150_FFV_4X4,PICKUP_TRUCK_STANDARD,5,8,AS6,E,22.4,16.9,19.9,14,318
2014,FORD,F150_RAPTOR_4X4,PICKUP_TRUCK_STANDARD,6.2,8,AS6,X,20.4,15,18,16,414
2014,FORD,FIESTA,SUBCOMPACT,1.6,4,AS6,X,8.5,6.5,7.6,37,175
2014,FORD,FIESTA,SUBCOMPACT,1.6,4,M5,X,8.6,6.4,7.6,37,175
2014,FORD,FIESTA_SFE,SUBCOMPACT,1,4,M5,X,7.5,5.5,6.6,43,152
2014,FORD,FIESTA_SFE,SUBCOMPACT,1.6,4,AS6,X,8,5.8,7,40,161
2014,FORD,FIESTA_ST,COMPACT,1.6,4,M6,X,8.9,6.8,8,35,184
2014,FORD,FLEX,SUV_STANDARD,3.5,6,AS6,X,13.2,9.4,11.5,25,264
2014,FORD,FLEX_AWD,SUV_STANDARD,3.5,6,AS6,X,13.7,10.2,12.1,23,278
2014,FORD,FLEX_AWD_(EcoBoost),SUV_STANDARD,3.5,6,AS6,X,14.8,10.4,12.8,22,294
2014,FORD,FOCUS,COMPACT,2,4,M6,X,10.2,7.4,8.9,32,205
2014,FORD,FOCUS_FFV,COMPACT,2,4,A6,X,8.8,6.4,7.7,37,177
2014,FORD,FOCUS_FFV,COMPACT,2,4,A6,E,11.7,8.5,10.3,27,165
2014,FORD,FOCUS_FFV,COMPACT,2,4,AS6,X,8.9,6.4,7.8,36,179
2014,FORD,FOCUS_FFV,COMPACT,2,4,AS6,E,11.7,8.5,10.3,27,165
2014,FORD,FOCUS_FFV,COMPACT,2,4,M5,X,9.1,6.6,8,35,184
2014,FORD,FOCUS_FFV,COMPACT,2,4,M5,E,11.9,8.9,10.6,27,170
2014,FORD,FOCUS_SFE_FFV,COMPACT,2,4,A6,X,8.4,5.8,7.2,39,166
2014,FORD,FOCUS_SFE_FFV,COMPACT,2,4,A6,E,11.6,8.3,10.1,28,162
2014,FORD,FUSION,MID_SIZE,1.5,4,AS6,X,10.1,6.6,8.5,33,196
2014,FORD,FUSION,MID_SIZE,1.6,4,M6,X,9.4,6.4,8.1,35,186
2014,FORD,FUSION,MID_SIZE,2,4,AS6,X,10.5,7.1,9,31,207
2014,FORD,FUSION,MID_SIZE,2.5,4,AS6,X,10.5,7,8.9,32,205
2014,FORD,FUSION_(Start/Stop),MID_SIZE,1.5,4,AS6,X,9.5,6.3,8.1,35,186
2014,FORD,FUSION_AWD,MID_SIZE,2,4,AS6,X,10.9,7.5,9.4,30,216
2014,FORD,FUSION_HYBRID,MID_SIZE,2,4,AV,X,5.3,5.7,5.5,51,126
2014,FORD,MUSTANG,SUBCOMPACT,3.7,6,A6,X,12.1,7.8,10.2,28,235
2014,FORD,MUSTANG,SUBCOMPACT,3.7,6,M6,X,12.7,8.1,10.6,27,244
2014,FORD,MUSTANG,SUBCOMPACT,5,8,A6,X,13.3,9.3,11.5,25,264
2014,FORD,MUSTANG,SUBCOMPACT,5,8,M6,X,15.4,9.4,12.7,22,292
2014,FORD,MUSTANG,SUBCOMPACT,5.8,8,M6,Z,15.9,9.9,13.2,21,304
2014,FORD,MUSTANG_CONVERTIBLE,SUBCOMPACT,3.7,6,A6,X,12.5,8.2,10.6,27,244
2014,FORD,TAURUS,FULL_SIZE,2,4,AS6,X,10.5,7.3,9.1,31,209
2014,FORD,TAURUS_AWD,FULL_SIZE,3.5,6,AS6,X,13.7,9.4,11.8,24,271
2014,FORD,TAURUS_FFV,FULL_SIZE,3.5,6,AS6,X,12.1,8.1,10.3,27,237
2014,FORD,TAURUS_FFV,FULL_SIZE,3.5,6,AS6,E,17,11.1,14.3,20,229
2014,FORD,TAURUS_FFV_AWD,FULL_SIZE,3.5,6,AS6,X,13,9.1,11.2,25,258
2014,FORD,TAURUS_FFV_AWD,FULL_SIZE,3.5,6,AS6,E,18.4,12.5,15.7,18,251
2014,FORD,TRANSIT_CONNECT,SPECIAL_PURPOSE_VEHICLE,1.6,4,AS6,X,10.8,8,9.5,30,218
2014,FORD,TRANSIT_CONNECT,SPECIAL_PURPOSE_VEHICLE,2.5,4,AS6,X,11.3,8.2,9.9,29,228
2014,FORD,TRANSIT_CONNECT_TAXI,SPECIAL_PURPOSE_VEHICLE,1.6,4,AS6,X,11.5,8.3,10.1,28,232
2014,FORD,TRANSIT_CONNECT_WAGON,SPECIAL_PURPOSE_VEHICLE,2.5,4,AS6,X,11.9,8.5,10.4,27,239
2014,GMC,ACADIA,SUV_STANDARD,3.6,6,A6,X,14.3,9.9,12.3,23,283
2014,GMC,ACADIA_AWD,SUV_STANDARD,3.6,6,A6,X,14.9,10.4,12.9,22,297
2014,GMC,SAVANA_1500_CARGO,VAN_CARGO,4.3,6,A4,X,17.1,12.7,15.1,19,347
2014,GMC,SAVANA_1500_CARGO,VAN_CARGO,5.3,8,A4,X,18,13.4,15.9,18,366
2014,GMC,SAVANA_1500_CARGO,VAN_CARGO,5.3,8,A4,E,23.5,17.7,20.9,14,334
2014,GMC,SAVANA_1500_CARGO_AWD,VAN_CARGO,5.3,8,A4,X,18.3,14.2,16.5,17,380
2014,GMC,SAVANA_1500_CARGO_AWD,VAN_CARGO,5.3,8,A4,E,23.7,18.8,21.5,13,344
2014,GMC,SAVANA_1500_CARGO_CONV,VAN_CARGO,5.3,8,A4,X,18.6,13.9,16.5,17,380
2014,GMC,SAVANA_1500_CARGO_CONV,VAN_CARGO,5.3,8,A4,E,23.9,18.5,21.5,13,344
2014,GMC,SAVANA_1500_CARGO_CONV_AWD,VAN_CARGO,5.3,8,A4,X,18.3,14.2,16.5,17,380
2014,GMC,SAVANA_1500_CARGO_CONV_AWD,VAN_CARGO,5.3,8,A4,E,25.3,19.3,22.6,12,362
2014,GMC,SAVANA_1500_PASSENGER,VAN_PASSENGER,5.3,8,A4,X,18.6,13.9,16.5,17,380
2014,GMC,SAVANA_1500_PASSENGER,VAN_PASSENGER,5.3,8,A4,E,23.9,18.5,21.5,13,344
2014,GMC,SAVANA_1500_PASSENGER_AWD,VAN_PASSENGER,5.3,8,A4,X,18.3,14.2,16.5,17,380
2014,GMC,SAVANA_1500_PASSENGER_AWD,VAN_PASSENGER,5.3,8,A4,E,25.3,19.3,22.6,12,362
2014,GMC,SAVANA_2500_PASSENGER,VAN_PASSENGER,4.8,8,A6,X,21.1,14.2,18,16,414
2014,GMC,SAVANA_2500_PASSENGER,VAN_PASSENGER,6,8,A6,X,21.9,15,18.8,15,432
2014,GMC,SAVANA_2500_PASSENGER,VAN_PASSENGER,6,8,A6,E,30,20.4,25.7,11,411
2014,GMC,SAVANA_3500_PASSENGER,VAN_PASSENGER,4.8,8,A6,X,21.3,14.3,18.2,16,419
2014,GMC,SAVANA_3500_PASSENGER,VAN_PASSENGER,6,8,A6,X,22.1,15,18.9,15,435
2014,GMC,SAVANA_3500_PASSENGER,VAN_PASSENGER,6,8,A6,E,30.2,20.5,25.8,11,413
2014,GMC,SIERRA,PICKUP_TRUCK_STANDARD,4.3,6,A6,X,13.4,9.9,11.8,24,271
2014,GMC,SIERRA,PICKUP_TRUCK_STANDARD,4.3,6,A6,E,18.9,14.2,16.8,17,269
2014,GMC,SIERRA,PICKUP_TRUCK_STANDARD,5.3,8,A6,X,14.6,10.3,12.7,22,292
2014,GMC,SIERRA,PICKUP_TRUCK_STANDARD,5.3,8,A6,E,19.5,13.7,16.9,17,270
2014,GMC,SIERRA,PICKUP_TRUCK_STANDARD,6.2,8,A6,Z,16.3,11.4,14.1,20,324
2014,GMC,SIERRA_4WD,PICKUP_TRUCK_STANDARD,4.3,6,A6,X,14.2,10.6,12.6,22,290
2014,GMC,SIERRA_4WD,PICKUP_TRUCK_STANDARD,4.3,6,A6,E,20,15.1,17.8,16,285
2014,GMC,SIERRA_4WD,PICKUP_TRUCK_STANDARD,5.3,8,A6,X,14.9,10.6,13,22,299
2014,GMC,SIERRA_4WD,PICKUP_TRUCK_STANDARD,5.3,8,A6,E,19.9,14.2,17.3,16,277
2014,GMC,SIERRA_4WD,PICKUP_TRUCK_STANDARD,6.2,8,A6,Z,16.4,11.7,14.3,20,329
2014,GMC,TERRAIN,SUV_SMALL,2.4,4,A6,X,10.5,7.3,9.1,31,209
2014,GMC,TERRAIN,SUV_SMALL,3.6,6,A6,X,13.9,9.6,12,24,276
2014,GMC,TERRAIN,SUV_SMALL,3.6,6,A6,E,18.8,13.1,16.2,17,259
2014,GMC,TERRAIN_AWD,SUV_SMALL,2.4,4,A6,X,11.5,8.2,10,28,230
2014,GMC,TERRAIN_AWD,SUV_SMALL,3.6,6,A6,X,14.8,9.9,12.6,22,290
2014,GMC,TERRAIN_AWD,SUV_SMALL,3.6,6,A6,E,19.8,13.6,17,17,272
2014,GMC,YUKON,SUV_STANDARD,5.3,8,A6,X,16,11.1,13.8,20,317
2014,GMC,YUKON,SUV_STANDARD,5.3,8,A6,E,21.5,14.6,18.4,15,294
2014,GMC,YUKON_4WD,SUV_STANDARD,5.3,8,A6,X,16,11.1,13.8,20,317
2014,GMC,YUKON_4WD,SUV_STANDARD,5.3,8,A6,E,21.5,14.6,18.4,15,294
2014,GMC,YUKON_DENALI_AWD,SUV_STANDARD,6.2,8,A6,Z,17,11.8,14.7,19,338
2014,GMC,YUKON_DENALI_AWD,SUV_STANDARD,6.2,8,A6,E,23.3,16.1,20.1,14,322
2014,GMC,YUKON_DENALI_XL_AWD,SUV_STANDARD,6.2,8,A6,Z,18.8,13.4,16.4,17,377
2014,GMC,YUKON_DENALI_XL_AWD,SUV_STANDARD,6.2,8,A6,E,25.7,17.8,22.1,13,354
2014,GMC,YUKON_XL,SUV_STANDARD,5.3,8,A6,X,16,11.1,13.8,20,317
2014,GMC,YUKON_XL,SUV_STANDARD,5.3,8,A6,E,21.5,14.6,18.4,15,294
2014,GMC,YUKON_XL_4WD,SUV_STANDARD,5.3,8,A6,X,16,11.1,13.8,20,317
2014,GMC,YUKON_XL_4WD,SUV_STANDARD,5.3,8,A6,E,21.5,14.6,18.4,15,294
2014,HONDA,ACCORD,MID_SIZE,2.4,4,AV,X,9,6.6,7.9,36,182
2014,HONDA,ACCORD,MID_SIZE,2.4,4,AV7,X,9.1,6.9,8.1,35,186
2014,HONDA,ACCORD,MID_SIZE,2.4,4,M6,X,10.1,6.9,8.7,32,200
2014,HONDA,ACCORD,MID_SIZE,3.5,6,A6,X,11,6.8,9.1,31,209
2014,HONDA,ACCORD,MID_SIZE,3.5,6,AS6,X,11.4,7.3,9.6,29,221
2014,HONDA,ACCORD,MID_SIZE,3.5,6,M6,X,13,8.4,10.9,26,251
2014,HONDA,ACCORD_HYBRID,MID_SIZE,2,4,AV,X,4.7,4.9,4.8,59,110
2014,HONDA,CIVIC,COMPACT,1.8,4,AV,X,7.9,6,7,40,161
2014,HONDA,CIVIC,COMPACT,1.8,4,AV7,X,8.1,6.2,7.2,39,166
2014,HONDA,CIVIC,COMPACT,1.8,4,M5,X,8.5,6.6,7.6,37,175
2014,HONDA,CROSSTOUR_AWD,SUV_SMALL,3.5,6,A6,X,12.5,8.5,10.7,26,246
2014,HONDA,CR_V,SUV_SMALL,2.4,4,A5,X,10.3,7.6,9.1,31,209
2014,HONDA,CR_V_AWD,SUV_SMALL,2.4,4,A5,X,10.6,7.9,9.4,30,216
2014,HONDA,CR_Z,TWO_SEATER,1.5,4,AV7,X,6.6,6,6.3,45,145
2014,HONDA,CR_Z,TWO_SEATER,1.5,4,M6,X,7.6,6.1,6.9,41,159
2014,HONDA,FIT,STATION_WAGON_SMALL,1.5,4,A5,X,8.3,6.5,7.5,38,172
2014,HONDA,FIT,STATION_WAGON_SMALL,1.5,4,M5,X,8.3,6.9,7.7,37,177
2014,HONDA,ODYSSEY,MINIVAN,3.5,6,A6,X,12.3,8.5,10.6,27,244
2014,HONDA,PILOT,SUV_SMALL,3.5,6,A5,X,13.3,9.3,11.5,25,265
2014,HONDA,PILOT_AWD,SUV_SMALL,3.5,6,A5,X,13.9,9.7,12,24,276
2014,HONDA,RIDGELINE_AWD,PICKUP_TRUCK_STANDARD,3.5,6,A5,X,15.2,11.3,13.4,21,308
2014,HYUNDAI,ACCENT,COMPACT,1.6,4,A6,X,8.8,6.3,7.7,37,177
2014,HYUNDAI,ACCENT,COMPACT,1.6,4,M6,X,8.7,6.4,7.7,37,177
2014,HYUNDAI,ELANTRA_GT,MID_SIZE,2,4,A6,X,9.8,7.2,8.6,33,198
2014,HYUNDAI,ELANTRA_GT,MID_SIZE,2,4,M6,X,9.8,7,8.5,33,196
2014,HYUNDAI,EQUUS,FULL_SIZE,5,8,A8,Z,15.7,10.2,13.2,21,304
2014,HYUNDAI,GENESIS,FULL_SIZE,3.8,6,A8,X,13,8.7,11.1,25,255
2014,HYUNDAI,SANTA_FE,SUV_SMALL,3.3,6,A6,X,13,9.1,11.2,25,258
2014,HYUNDAI,SANTA_FE_4WD,SUV_SMALL,3.3,6,A6,X,13.3,9.5,11.6,24,267
2014,HYUNDAI,SANTA_FE_SPORT,SUV_SMALL,2.4,4,A6,X,11.6,8.7,10.3,27,237
2014,HYUNDAI,SANTA_FE_SPORT_4WD,SUV_SMALL,2,4,A6,X,12.9,9.7,11.5,25,264
2014,HYUNDAI,SANTA_FE_SPORT_4WD,SUV_SMALL,2.4,4,A6,X,12.5,9.4,11.1,25,255
2014,HYUNDAI,SONATA,FULL_SIZE,2,4,A6,X,11.4,7.5,9.6,29,221
2014,HYUNDAI,SONATA,FULL_SIZE,2.4,4,A6,X,9.8,7,8.5,33,196
2014,HYUNDAI,SONATA_HYBRID,MID_SIZE,2.4,4,AS6,X,6.5,5.9,6.2,46,143
2014,HYUNDAI,SONATA_HYBRID_LIMITED,MID_SIZE,2.4,4,AS6,X,6.6,5.9,6.3,45,145
2014,HYUNDAI,TUCSON,SUV_SMALL,2,4,A6,X,10.2,8.2,9.3,30,214
2014,HYUNDAI,TUCSON,SUV_SMALL,2,4,M6,X,11.4,8.6,10.1,28,232
2014,HYUNDAI,TUCSON,SUV_SMALL,2.4,4,A6,X,11.3,8.3,10,28,230
2014,HYUNDAI,TUCSON_4WD,SUV_SMALL,2,4,A6,X,11.4,9.3,10.5,27,242
2014,HYUNDAI,TUCSON_4WD,SUV_SMALL,2.4,4,A6,X,11.6,9.3,10.6,27,244
2014,HYUNDAI,VELOSTER,COMPACT,1.6,4,AM6,X,8.6,6.6,7.7,37,177
2014,HYUNDAI,VELOSTER,COMPACT,1.6,4,M6,X,9.1,6.7,8,35,184
2014,HYUNDAI,VELOSTER_TURBO,COMPACT,1.6,4,A6,X,9.9,7.5,8.8,32,202
2014,HYUNDAI,VELOSTER_TURBO,COMPACT,1.6,4,M6,X,9.7,7.1,8.5,33,196
2014,INFINITI,Q50,MID_SIZE,3.7,6,AS7,Z,12,8,10.2,28,235
2014,INFINITI,Q50_AWD,MID_SIZE,3.7,6,AS7,Z,12.6,8.7,10.8,26,248
2014,INFINITI,Q50_HYBRID,COMPACT,3.5,6,AS7,Z,8.2,6.7,7.5,38,172
2014,INFINITI,Q50_HYBRID_AWD,COMPACT,3.5,6,AS7,Z,8.7,7.5,8.2,34,189
2014,INFINITI,Q60_AWD_COUPE,SUBCOMPACT,3.7,6,AS7,Z,13.3,9.4,11.5,25,265
2014,INFINITI,Q60_CONVERTIBLE,SUBCOMPACT,3.7,6,AS7,Z,13.6,9.3,11.7,24,269
2014,INFINITI,Q60_CONVERTIBLE,SUBCOMPACT,3.7,6,M6,Z,14.3,9.8,12.3,23,283
2014,INFINITI,Q60_COUPE,SUBCOMPACT,3.7,6,AS7,Z,12.9,8.9,11.1,25,255
2014,INFINITI,Q60_COUPE,SUBCOMPACT,3.7,6,M6,Z,13.5,9.3,11.6,24,267
2014,INFINITI,Q70,MID_SIZE,3.7,6,AS7,Z,12.8,8.9,11,26,253
2014,INFINITI,Q70,MID_SIZE,5.6,8,AS7,Z,14.5,9.5,12.3,23,283
2014,INFINITI,Q70_AWD,MID_SIZE,3.7,6,AS7,Z,13.2,9.6,11.6,24,267
2014,INFINITI,Q70_AWD,MID_SIZE,5.6,8,AS7,Z,15,10.2,12.8,22,294
2014,INFINITI,Q70_HYBRID,MID_SIZE,3.5,6,AS7,Z,8,7,7.6,37,175
2014,INFINITI,QX50_AWD,STATION_WAGON_SMALL,3.7,6,AS7,Z,13.6,9.6,11.8,24,271
2014,INFINITI,QX60,SUV_SMALL,3.5,6,AV,Z,11.9,9,10.6,27,244
2014,INFINITI,QX60_AWD,SUV_SMALL,3.5,6,AV,Z,12.3,9.3,11,26,253
2014,INFINITI,QX60_HYBRID_AWD,SUV_STANDARD,2.5,4,AV,X,8.8,8.2,8.5,33,196
2014,INFINITI,QX70_AWD,SUV_SMALL,3.7,6,AS7,Z,14.5,10.7,12.8,22,294
2014,INFINITI,QX70_AWD,SUV_SMALL,5,8,AS7,Z,16.6,11.9,14.5,19,334
2014,INFINITI,QX80_4WD,SUV_STANDARD,5.6,8,AS7,Z,17.4,12.1,15,19,345
2014,JAGUAR,F_TYPE_CONVERTIBLE,TWO_SEATER,3,6,AS8,Z,11.8,8.4,10.3,27,237
2014,JAGUAR,F_TYPE_S_CONVERTIBLE,TWO_SEATER,3,6,AS8,Z,12.2,8.7,10.6,27,244
2014,JAGUAR,F_TYPE_V8_S_CONVERTIBLE,TWO_SEATER,5,8,AS8,Z,15,10.2,12.8,22,294
2014,JAGUAR,XF,MID_SIZE,2,4,AS8,Z,12.3,8.2,10.5,27,242
2014,JAGUAR,XF_3.0L_AWD,MID_SIZE,3,6,AS8,Z,14.7,9.1,12.2,23,281
2014,JAGUAR,XFR,MID_SIZE,5,8,AS8,Z,15.7,10.3,13.3,21,306
2014,JAGUAR,XFR,MID_SIZE,5,8,AS8,E,21.3,14.1,18.1,16,290
2014,JAGUAR,XFR_S,MID_SIZE,5,8,AS8,Z,15.7,10.3,13.3,21,306
2014,JAGUAR,XJ_AWD,FULL_SIZE,3,6,AS8,Z,14.6,9.6,12.4,23,285
2014,JAGUAR,XJ_SUPERCHARGED,FULL_SIZE,5,8,AS8,Z,15.8,10.2,13.3,21,306
2014,JAGUAR,XJ_SUPERCHARGED,FULL_SIZE,5,8,AS8,E,20.6,13.6,17.5,16,280
2014,JAGUAR,XJL_AWD_PORTFOLIO,FULL_SIZE,3,6,AS8,Z,14.7,9.6,12.4,23,285
2014,JAGUAR,XJL_SUPERCHARGED,FULL_SIZE,5,8,AS8,Z,15.8,10.2,13.3,21,306
2014,JAGUAR,XJL_SUPERCHARGED,FULL_SIZE,5,8,AS8,E,20.6,13.6,17.5,16,280
2014,JAGUAR,XJR,FULL_SIZE,5,8,AS8,Z,15.8,10.2,13.3,21,306
2014,JAGUAR,XJR_LWB,FULL_SIZE,5,8,AS8,Z,15.8,10.2,13.3,21,306
2014,JAGUAR,XK_CONVERTIBLE,MINICOMPACT,5,8,AS6,Z,15.1,10.6,13.1,22,301
2014,JAGUAR,XK_COUPE,MINICOMPACT,5,8,AS6,Z,14.8,9.9,12.6,22,290
2014,JAGUAR,XKR_CONVERTIBLE,MINICOMPACT,5,8,AS6,Z,15.9,10.9,13.7,21,315
2014,JAGUAR,XKR_COUPE,MINICOMPACT,5,8,AS6,Z,15.6,10.9,13.5,21,310
2014,JAGUAR,XKR_S_CONVERTIBLE,MINICOMPACT,5,8,AS6,Z,15.9,10.9,13.7,21,315
2014,JAGUAR,XKR_S_COUPE,MINICOMPACT,5,8,AS6,Z,15.6,10.9,13.5,21,310
2014,JEEP,CHEROKEE,SUV_SMALL,2.4,4,A9,X,10.9,7.7,9.5,30,218
2014,JEEP,CHEROKEE,SUV_SMALL,3.2,6,A9,X,12.3,8.3,10.5,27,242
2014,JEEP,CHEROKEE_4X4,SUV_SMALL,2.4,4,A9,X,11.3,8.3,10,28,230
2014,JEEP,CHEROKEE_4X4,SUV_SMALL,3.2,6,A9,X,12.5,8.8,10.8,26,248
2014,JEEP,CHEROKEE_4X4_Active_Drive_II,SUV_SMALL,2.4,4,A9,X,11.4,8.6,10.1,28,232
2014,JEEP,CHEROKEE_4X4_Active_Drive_II,SUV_SMALL,3.2,6,A9,X,12.5,9.1,11,26,253
2014,JEEP,CHEROKEE_TRAILHAWK_4X4,SUV_SMALL,2.4,4,A9,X,12.1,9.4,10.9,26,251
2014,JEEP,CHEROKEE_TRAILHAWK_4X4,SUV_SMALL,3.2,6,A9,X,13.4,9.5,11.6,24,267
2014,JEEP,COMPASS,SUV_SMALL,2,4,A6,X,11.1,8.3,9.8,29,225
2014,JEEP,COMPASS,SUV_SMALL,2,4,M5,X,10.2,7.8,9.1,31,209
2014,JEEP,COMPASS,SUV_SMALL,2.4,4,A6,X,11.1,8.3,9.8,29,225
2014,JEEP,COMPASS,SUV_SMALL,2.4,4,M5,X,10.3,8.3,9.4,30,216
2014,JEEP,COMPASS_4X4,SUV_SMALL,2.4,4,A6,X,11.4,8.7,10.2,28,235
2014,JEEP,COMPASS_4X4,SUV_SMALL,2.4,4,M5,X,10.3,8.4,9.4,30,216
2014,JEEP,COMPASS_4X4_TRAIL_RATED,SUV_SMALL,2.4,4,AV,X,11.7,10.3,11.1,25,255
2014,JEEP,GRAND_CHEROKEE_4X4_(MDS),SUV_STANDARD,5.7,8,A8,X,17.3,11.7,14.8,19,340
2014,JEEP,GRAND_CHEROKEE_4X4_DIESEL,SUV_STANDARD,3,6,A8,D,11.2,8.4,9.9,29,267
2014,JEEP,GRAND_CHEROKEE_4X4_FFV,SUV_STANDARD,3.6,6,A8,X,13.9,9.8,12.1,23,278
2014,JEEP,GRAND_CHEROKEE_4X4_FFV,SUV_STANDARD,3.6,6,A8,E,17.7,13,15.6,18,250
2014,JEEP,GRAND_CHEROKEE_4X4_SRT_(MDS),SUV_STANDARD,6.4,8,A8,Z,18.5,12.6,15.8,18,363
2014,JEEP,PATRIOT,SUV_SMALL,2,4,A6,X,11.1,8.3,9.8,29,225
2014,JEEP,PATRIOT,SUV_SMALL,2,4,M5,X,10.2,7.8,9.1,31,209
2014,JEEP,PATRIOT,SUV_SMALL,2.4,4,A6,X,11.1,8.3,9.8,29,225
2014,JEEP,PATRIOT,SUV_SMALL,2.4,4,M5,X,10.3,8.3,9.4,30,216
2014,JEEP,PATRIOT_4X4,SUV_SMALL,2.4,4,A6,X,11.4,8.7,10.2,28,235
2014,JEEP,PATRIOT_4X4,SUV_SMALL,2.4,4,M5,X,10.3,8.4,9.4,30,216
2014,JEEP,PATRIOT_4X4_TRAIL_RATED,SUV_SMALL,2.4,4,AV,X,11.7,10.3,11.1,25,255
2014,JEEP,WRANGLER_4X4_(2_DOOR),SUV_SMALL,3.6,6,A5,X,14.1,11.1,12.8,22,294
2014,JEEP,WRANGLER_4X4_(2_DOOR),SUV_SMALL,3.6,6,M6,X,14.2,11,12.8,22,294
2014,JEEP,WRANGLER_UNLIMITED_4X4_(4_DOOR),SUV_SMALL,3.6,6,A5,X,14.8,11.7,13.4,21,308
2014,JEEP,WRANGLER_UNLIMITED_4X4_(4_DOOR),SUV_SMALL,3.6,6,M6,X,15,11.4,13.4,21,308
2014,KIA,CADENZA,FULL_SIZE,3.3,6,A6,X,12.7,8.8,10.9,26,251
2014,KIA,FORTE,MID_SIZE,1.8,4,A6,X,9.6,6.6,8.3,34,191
2014,KIA,FORTE,MID_SIZE,1.8,4,M6,X,9.3,6.4,8,35,184
2014,KIA,FORTE,MID_SIZE,2,4,A6,X,9.8,6.6,8.4,34,193
2014,KIA,FORTE,MID_SIZE,2,4,M6,X,9.7,6.8,8.4,34,193
2014,KIA,FORTE_5,FULL_SIZE,1.6,4,A6,X,11.1,8,9.7,29,223
2014,KIA,FORTE_5,FULL_SIZE,1.6,4,M6,X,11.1,8.2,9.8,29,225
2014,KIA,FORTE_5,FULL_SIZE,2,4,A6,X,9.7,6.8,8.4,34,193
2014,KIA,FORTE_5,FULL_SIZE,2,4,M6,X,9.8,7,8.5,33,196
2014,KIA,FORTE_KOUP,COMPACT,1.6,4,A6,X,10.6,7.9,9.4,30,216
2014,KIA,FORTE_KOUP,COMPACT,1.6,4,M6,X,10.8,8.1,9.6,29,221
2014,KIA,FORTE_KOUP,COMPACT,2,4,A6,X,9.6,7,8.4,34,193
2014,KIA,FORTE_KOUP,COMPACT,2,4,M6,X,9.8,7.2,8.6,33,198
2014,KIA,OPTIMA,MID_SIZE,2,4,A6,X,11.7,7.6,9.9,29,228
2014,KIA,OPTIMA,MID_SIZE,2.4,4,A6,X,10.2,6.8,8.7,32,200
2014,KIA,RIO,COMPACT,1.6,4,A6,X,8.7,6.3,7.6,37,175
2014,KIA,RIO,COMPACT,1.6,4,M6,X,8.7,6.4,7.7,37,177
2014,KIA,RIO_ECO,COMPACT,1.6,4,A6,X,8.5,6.4,7.6,37,175
2014,KIA,RONDO,STATION_WAGON_MID_SIZE,2,4,A6,X,10.5,7.5,9.2,31,212
2014,KIA,RONDO,STATION_WAGON_MID_SIZE,2,4,M6,X,10.8,7.4,9.3,30,214
2014,KIA,SEDONA,MINIVAN,3.5,6,A6,X,13.7,9.9,12,24,276
2014,KIA,SORENTO,SUV_SMALL,2.4,4,A6,X,11.8,8.5,10.3,27,237
2014,KIA,SORENTO,SUV_SMALL,3.3,6,A6,X,12.9,9.5,11.4,25,262
2014,KIA,SORENTO_4WD,SUV_SMALL,2.4,4,A6,X,12.3,9.3,11,26,253
2014,KIA,SORENTO_4WD,SUV_SMALL,3.3,6,A6,X,13.4,9.9,11.8,24,271
2014,KIA,SOUL,STATION_WAGON_SMALL,1.6,4,A6,X,9.8,7.9,8.9,32,205
2014,KIA,SOUL,STATION_WAGON_SMALL,1.6,4,M6,X,9.9,7.8,9,31,207
2014,KIA,SOUL,STATION_WAGON_SMALL,2,4,A6,X,10.1,7.8,9.1,31,209
2014,KIA,SOUL_ECO_Dynamics,STATION_WAGON_SMALL,2,4,A6,X,9.7,7.8,8.8,32,202
2014,KIA,SPORTAGE,SUV_SMALL,2.4,4,A6,X,11.4,8.3,10,28,230
2014,KIA,SPORTAGE,SUV_SMALL,2.4,4,M6,X,12.9,9.3,11.3,25,260
2014,KIA,SPORTAGE_AWD,SUV_SMALL,2,4,A6,X,12.7,9.7,11.4,25,262
2014,KIA,SPORTAGE_AWD,SUV_SMALL,2.4,4,A6,X,12,9.1,10.7,26,246
2014,LAMBORGHINI,AVENTADOR_COUPE,TWO_SEATER,6.5,12,A7,Z,22.8,12.9,18.3,15,421
2014,LAMBORGHINI,GALLARDO_COUPE,TWO_SEATER,5.2,10,A6,Z,18,12.8,15.7,18,361
2014,LAMBORGHINI,GALLARDO_COUPE,TWO_SEATER,5.2,10,M6,Z,20.6,13.5,17.4,16,400
2014,LAND_ROVER,LR2,SUV_SMALL,2,4,AS6,Z,13.5,9.9,11.9,24,274
2014,LAND_ROVER,LR4,SUV_STANDARD,3,6,AS8,Z,16.3,12.4,14.5,19,334
2014,LAND_ROVER,RANGE_ROVER_EVOQUE,SUV_SMALL,2,4,AS9,Z,11.3,7.9,9.8,29,225
2014,LAND_ROVER,RANGE_ROVER_EVOQUE_COUPE,SUV_SMALL,2,4,AS9,Z,11.3,7.9,9.8,29,225
2014,LAND_ROVER,RANGE_ROVER_LWB_V8_5.0_SC,SUV_STANDARD,5,8,AS8,Z,18,12.2,15.4,18,354
2014,LAND_ROVER,RANGE_ROVER_LWB_V8_5.0_SC_FFV,SUV_STANDARD,5,8,AS8,Z,17.2,12.5,15.1,19,347
2014,LAND_ROVER,RANGE_ROVER_LWB_V8_5.0_SC_FFV,SUV_STANDARD,5,8,AS8,E,25,16.9,21.4,13,342
2014,LAND_ROVER,RANGE_ROVER_SPORT_V6_3.0_SC,SUV_STANDARD,3,6,AS8,Z,14.2,10.2,12.4,23,285
2014,LAND_ROVER,RANGE_ROVER_SPORT_V6_3.0_SC_FFV,SUV_STANDARD,3,6,AS8,Z,14.2,10.2,12.4,23,285
2014,LAND_ROVER,RANGE_ROVER_SPORT_V6_3.0_SC_FFV,SUV_STANDARD,3,6,AS8,E,19.4,14.9,17.4,16,278
2014,LAND_ROVER,RANGE_ROVER_SPORT_V8_5.0_SC,SUV_STANDARD,5,8,AS8,Z,17.3,12.2,15,19,345
2014,LAND_ROVER,RANGE_ROVER_SPORT_V8_5.0_SC_FFV,SUV_STANDARD,5,8,AS8,Z,16.6,12.3,14.7,19,338
2014,LAND_ROVER,RANGE_ROVER_SPORT_V8_5.0_SC_FFV,SUV_STANDARD,5,8,AS8,E,24,16.6,20.7,14,331
2014,LAND_ROVER,RANGE_ROVER_V6_3.0_SC,SUV_STANDARD,3,6,AS8,Z,14.1,10.1,12.3,23,283
2014,LAND_ROVER,RANGE_ROVER_V6_3.0_SC_FFV,SUV_STANDARD,3,6,AS8,Z,14.1,10.1,12.3,23,283
2014,LAND_ROVER,RANGE_ROVER_V6_3.0_SC_FFV,SUV_STANDARD,3,6,AS8,E,19.4,14.8,17.3,16,277
2014,LAND_ROVER,RANGE_ROVER_V8_5.0_SC,SUV_STANDARD,5,8,AS8,Z,18,12.2,15.4,18,354
2014,LAND_ROVER,RANGE_ROVER_V8_5.0_SC_FFV,SUV_STANDARD,5,8,AS8,Z,17.2,12.5,15.1,19,347
2014,LAND_ROVER,RANGE_ROVER_V8_5.0_SC_FFV,SUV_STANDARD,5,8,AS8,E,25,16.9,21.4,13,342
2014,LEXUS,CT_200h,COMPACT,1.8,4,AV,X,5.5,5.8,5.6,50,129
2014,LEXUS,ES_300h,MID_SIZE,2.5,4,AV6,X,5.8,6.2,6,47,138
2014,LEXUS,ES_350,MID_SIZE,3.5,6,AS6,X,11.3,7.6,9.6,29,221
2014,LEXUS,GS_350,MID_SIZE,3.5,6,AS8,Z,12.1,8.3,10.4,27,239
2014,LEXUS,GS_350_AWD,MID_SIZE,3.5,6,AS6,Z,12.5,9.1,11,26,253
2014,LEXUS,GS_450h,MID_SIZE,3.5,6,AV8,Z,7.7,7.4,7.6,37,175
2014,LEXUS,GX_460,SUV_STANDARD,4.6,8,AS6,Z,15.7,11.8,13.9,20,320
2014,LEXUS,IS_250,COMPACT,2.5,6,AS6,Z,11.2,7.8,9.7,29,223
2014,LEXUS,IS_250_AWD,COMPACT,2.5,6,AS6,Z,11.8,8.7,10.4,27,239
2014,LEXUS,IS_250_C,SUBCOMPACT,2.5,6,AS6,Z,11.2,7.8,9.7,29,223
2014,LEXUS,IS_350,COMPACT,3.5,6,AS8,Z,12.2,8.7,10.6,27,244
2014,LEXUS,IS_350_AWD,COMPACT,3.5,6,AS6,Z,12.5,9.1,11,26,253
2014,LEXUS,IS_350_C,SUBCOMPACT,3.5,6,AS6,Z,12.1,8.7,10.6,27,244
2014,LEXUS,IS_F,SUBCOMPACT,5,8,AS8,Z,14.6,10.1,12.6,22,290
2014,LEXUS,LS_460,MID_SIZE,4.6,8,AS8,Z,14.5,9.6,12.3,23,283
2014,LEXUS,LS_460_AWD,MID_SIZE,4.6,8,AS8,Z,15.1,10.3,12.9,22,297
2014,LEXUS,LS_460_L_AWD,MID_SIZE,4.6,8,AS8,Z,15.1,10.3,12.9,22,297
2014,LEXUS,LS_600h_L,MID_SIZE,5,8,AV8,Z,12,10.7,11.4,25,262
2014,LEXUS,LX_570,SUV_STANDARD,5.7,8,AS6,Z,18.8,13.6,16.5,17,380
2014,LEXUS,RX_350_AWD,SUV_SMALL,3.5,6,AS6,X,13.3,9.8,11.7,24,269
2014,LEXUS,RX_350_AWD,SUV_SMALL,3.5,6,AS8,X,12.7,9.1,11.1,25,255
2014,LEXUS,RX_450h_AWD,SUV_SMALL,3.5,6,AV6,Z,7.9,8.6,8.2,34,189
2014,LINCOLN,MKS_AWD,FULL_SIZE,3.5,6,AS6,X,13.7,9.4,11.8,24,271
2014,LINCOLN,MKS_AWD,FULL_SIZE,3.7,6,AS6,X,13.1,9,11.3,25,260
2014,LINCOLN,MKT_AWD,SUV_STANDARD,3.5,6,AS6,X,14.8,10.4,12.8,22,294
2014,LINCOLN,MKT_LIVERY,SPECIAL_PURPOSE_VEHICLE,2,4,AS6,X,11.5,8.5,10.2,28,235
2014,LINCOLN,MKT_LIVERY_AWD,SPECIAL_PURPOSE_VEHICLE,3.7,6,A6,X,14,9.9,12.2,23,281
2014,LINCOLN,MKX_AWD,SUV_SMALL,3.7,6,AS6,X,13.7,10.4,12.2,23,281
2014,LINCOLN,MKZ,MID_SIZE,2,4,AS6,X,10.5,7.1,9,31,207
2014,LINCOLN,MKZ_AWD,MID_SIZE,3.7,6,AS6,X,13.1,9.3,11.4,25,262
2014,LINCOLN,MKZ_HYBRID,MID_SIZE,2,4,AV,X,6.2,6.4,6.3,45,145
2014,LINCOLN,NAVIGATOR_4X4_FFV,SUV_STANDARD,5.4,8,A6,X,18.2,13.3,16,18,368
2014,LINCOLN,NAVIGATOR_4X4_FFV,SUV_STANDARD,5.4,8,A6,E,24.5,18,21.6,13,346
2014,MASERATI,GHIBLI,MID_SIZE,3,6,AS8,Z,15.2,9.6,12.7,22,292
2014,MASERATI,GHIBLI_AWD,MID_SIZE,3,6,AS8,Z,15.2,9.6,12.7,22,292
2014,MASERATI,GRANTURISMO,SUBCOMPACT,4.7,8,AS6,Z,18.2,11.4,15.1,19,347
2014,MASERATI,GRANTURISMO_CONVERTIBLE,SUBCOMPACT,4.7,8,AS6,Z,18.2,11.7,15.3,18,352
2014,MASERATI,QUATTROPORTE_GTS,FULL_SIZE,3.8,8,AS8,Z,17.6,10.7,14.5,19,334
2014,MASERATI,QUATTROPORTE_SQ4,FULL_SIZE,3,6,AS8,Z,15.9,9.7,13.1,22,301
2014,MAZDA,CX_5,SUV_SMALL,2,4,AS6,X,8.9,7.3,8.2,34,189
2014,MAZDA,CX_5,SUV_SMALL,2,4,M6,X,9,6.8,8,35,184
2014,MAZDA,CX_5,SUV_SMALL,2.5,4,AS6,X,9.6,7.4,8.6,33,198
2014,MAZDA,CX_5_4WD,SUV_SMALL,2,4,AS6,X,9.3,7.6,8.5,33,196
2014,MAZDA,CX_5_4WD,SUV_SMALL,2.5,4,AS6,X,9.8,7.9,8.9,32,205
2014,MAZDA,CX_9,SUV_SMALL,3.7,6,AS6,X,14.2,10,12.3,23,283
2014,MAZDA,CX_9_4WD,SUV_SMALL,3.7,6,AS6,X,14.3,10.6,12.6,22,290
2014,MAZDA,MAZDA2,COMPACT,1.5,4,A4,X,8.4,6.9,7.7,37,177
2014,MAZDA,MAZDA2,COMPACT,1.5,4,M5,X,8,6.7,7.4,38,170
2014,MAZDA,MAZDA3_4_DOOR,COMPACT,2,4,AS6,X,7.9,5.7,6.9,41,159
2014,MAZDA,MAZDA3_4_DOOR,COMPACT,2,4,M6,X,8,5.8,7,40,161
2014,MAZDA,MAZDA3_4_DOOR,COMPACT,2.5,4,AS6,X,8.4,6.1,7.4,38,170
2014,MAZDA,MAZDA3_4_DOOR_(i_ELOOP),COMPACT,2.5,4,AS6,X,8.3,6.1,7.3,39,168
2014,MAZDA,MAZDA3_4_DOOR_(SIL),COMPACT,2,4,M6,X,8,5.8,7,40,161
2014,MAZDA,MAZDA3_5_DOOR,MID_SIZE,2,4,AS6,X,8,5.9,7.1,40,163
2014,MAZDA,MAZDA3_5_DOOR,MID_SIZE,2,4,M6,X,8.2,5.9,7.2,39,166
2014,MAZDA,MAZDA3_5_DOOR,MID_SIZE,2.5,4,AS6,X,8.7,6.5,7.7,37,177
2014,MAZDA,MAZDA3_5_DOOR_(i_ELOOP),MID_SIZE,2.5,4,AS6,X,8.2,6.1,7.3,39,168
2014,MAZDA,MAZDA3_5_DOOR_(SIL),MID_SIZE,2,4,M6,X,8.2,5.9,7.2,39,166
2014,MAZDA,MAZDA5,MINIVAN,2.5,4,AS5,X,10.8,8.4,9.7,29,223
2014,MAZDA,MAZDA5,MINIVAN,2.5,4,M6,X,11.1,8.3,9.8,29,225
2014,MAZDA,MAZDA6,MID_SIZE,2.5,4,AS6,X,8.8,6.2,7.6,37,175
2014,MAZDA,MAZDA6,MID_SIZE,2.5,4,M6,X,9.4,6.4,8.1,35,186
2014,MAZDA,MAZDA6_(i_ELOOP),MID_SIZE,2.5,4,AS6,X,8.4,5.9,7.3,39,168
2014,MAZDA,MX_5,TWO_SEATER,2,4,AS6,Z,11.5,8.5,10.2,28,235
2014,MAZDA,MX_5,TWO_SEATER,2,4,M5,Z,10.5,8.5,9.6,29,221
2014,MAZDA,MX_5,TWO_SEATER,2,4,M6,Z,11.1,8.4,9.9,29,228
2014,MERCEDES_BENZ,B_250,STATION_WAGON_SMALL,2,4,AS7,Z,9.2,6.6,8,35,184
2014,MERCEDES_BENZ,C_250,COMPACT,1.8,4,AS7,Z,10.9,7.5,9.4,30,216
2014,MERCEDES_BENZ,C_250_COUPE,SUBCOMPACT,1.8,4,AS7,Z,11,7.4,9.4,30,216
2014,MERCEDES_BENZ,C_300_4MATIC_FFV,COMPACT,3.5,6,AS7,Z,12.2,8.5,10.5,27,242
2014,MERCEDES_BENZ,C_300_4MATIC_FFV,COMPACT,3.5,6,AS7,E,16.4,11.1,14,20,224
2014,MERCEDES_BENZ,C_350,COMPACT,3.5,6,AS7,Z,12,8.6,10.5,27,242
2014,MERCEDES_BENZ,C_350_4MATIC,COMPACT,3.5,6,AS7,Z,11.9,8.6,10.4,27,239
2014,MERCEDES_BENZ,C_350_4MATIC_COUPE,SUBCOMPACT,3.5,6,AS7,Z,12.1,8.7,10.6,27,244
2014,MERCEDES_BENZ,C_350_COUPE,SUBCOMPACT,3.5,6,AS7,Z,12.1,8.6,10.5,27,242
2014,MERCEDES_BENZ,C_63_AMG,COMPACT,6.2,8,AS7,Z,17.7,11.9,15.1,19,347
2014,MERCEDES_BENZ,C_63_AMG_COUPE,SUBCOMPACT,6.2,8,AS7,Z,17.9,12.2,15.3,18,352
2014,MERCEDES_BENZ,CL_550_4MATIC,COMPACT,4.7,8,AS7,Z,15.4,10.4,13.2,21,304
2014,MERCEDES_BENZ,CL_63_AMG,COMPACT,5.5,8,AS7,Z,15.4,11,13.4,21,308
2014,MERCEDES_BENZ,CLA_250,COMPACT,2,4,AS7,Z,9.1,6.2,7.8,36,179
2014,MERCEDES_BENZ,CLA_45_AMG_4MATIC,COMPACT,2,4,AS7,Z,10.3,7.8,9.2,31,212
2014,MERCEDES_BENZ,CLS_550_4MATIC,COMPACT,4.7,8,AS7,Z,13.3,9.4,11.5,25,264
2014,MERCEDES_BENZ,CLS_63_AMG_4MATIC,COMPACT,5.5,8,AS7,Z,15.1,10.7,13.1,22,301
2014,MERCEDES_BENZ,CLS_63_AMG_S_4MATIC,COMPACT,5.5,8,AS7,Z,15.1,10.7,13.1,22,301
2014,MERCEDES_BENZ,E_250_BLUETEC_4MATIC,MID_SIZE,2.1,4,AS7,D,8.5,5.7,7.2,39,194
2014,MERCEDES_BENZ,E_300_4MATIC,MID_SIZE,3.5,6,AS7,Z,11.8,8.2,10.2,28,235
2014,MERCEDES_BENZ,E_350_4MATIC,MID_SIZE,3.5,6,AS7,Z,11.6,8.1,10,28,230
2014,MERCEDES_BENZ,E_350_4MATIC_COUPE,SUBCOMPACT,3.5,6,AS7,Z,11.9,8.5,10.4,27,239
2014,MERCEDES_BENZ,E_350_4MATIC_WAGON,STATION_WAGON_MID_SIZE,3.5,6,AS7,Z,12.1,8.6,10.5,27,242
2014,MERCEDES_BENZ,E_350_CABRIOLET,SUBCOMPACT,3.5,6,AS7,Z,12,8.5,10.4,27,239
2014,MERCEDES_BENZ,E_350_COUPE,SUBCOMPACT,3.5,6,AS7,Z,11.9,8.2,10.2,28,235
2014,MERCEDES_BENZ,E_400_HYBRID,MID_SIZE,3.5,6,AS7,Z,9.6,7.9,8.8,32,202
2014,MERCEDES_BENZ,E_550_4MATIC,MID_SIZE,4.7,8,AS7,Z,13.6,9.1,11.6,24,267
2014,MERCEDES_BENZ,E_550_CABRIOLET,SUBCOMPACT,4.7,8,AS7,Z,13.7,9.3,11.7,24,269
2014,MERCEDES_BENZ,E_550_COUPE,SUBCOMPACT,4.7,8,AS7,Z,13.4,8.9,11.4,25,262
2014,MERCEDES_BENZ,E_63_AMG_4MATIC,MID_SIZE,5.5,8,AS7,Z,15,10.3,12.9,22,297
2014,MERCEDES_BENZ,E_63_AMG_4MATIC_WAGON,STATION_WAGON_MID_SIZE,5.5,8,AS7,Z,15.5,11,13.5,21,310
2014,MERCEDES_BENZ,E_63_AMG_S_4MATIC,MID_SIZE,5.5,8,AS7,Z,15,10.3,12.9,22,297
2014,MERCEDES_BENZ,E_63_AMG_S_4MATIC_WAGON,STATION_WAGON_MID_SIZE,5.5,8,AS7,Z,15.5,11,13.5,21,310
2014,MERCEDES_BENZ,G_550,SUV_STANDARD,5.5,8,AS7,Z,20,15.9,18.2,16,419
2014,MERCEDES_BENZ,G_63_AMG,SUV_STANDARD,5.5,8,AS7,Z,19.4,15.7,17.7,16,407
2014,MERCEDES_BENZ,GL_350_BLUETEC_4MATIC,SUV_STANDARD,3,6,AS7,D,13.4,10.2,12,24,324
2014,MERCEDES_BENZ,GL_450_4MATIC,SUV_STANDARD,4.7,8,AS7,Z,17.1,12.8,15.2,19,350
2014,MERCEDES_BENZ,GL_550_4MATIC,SUV_STANDARD,4.7,8,AS7,Z,17.6,13.1,15.6,18,359
2014,MERCEDES_BENZ,GL_63_AMG,SUV_STANDARD,5.5,8,AS7,Z,17.7,13.4,15.8,18,363
2014,MERCEDES_BENZ,GLK_250_BLUETEC_4MATIC,SUV_SMALL,2.1,4,AS7,D,9.6,7.1,8.5,33,230
2014,MERCEDES_BENZ,GLK_350_4MATIC,SUV_SMALL,3.5,6,AS7,Z,12.6,9.6,11.3,25,260
2014,MERCEDES_BENZ,ML_350_4MATIC_FFV,SUV_STANDARD,3.5,6,AS7,Z,13.4,10.5,12.1,23,278
2014,MERCEDES_BENZ,ML_350_4MATIC_FFV,SUV_STANDARD,3.5,6,AS7,E,17.8,13.8,16,18,256
2014,MERCEDES_BENZ,ML_350_BLUETEC_4MATIC,SUV_STANDARD,3,6,AS7,D,11.8,8.5,10.3,27,278
2014,MERCEDES_BENZ,ML_550_4MATIC,SUV_STANDARD,4.7,8,AS7,Z,16.2,11.8,14.2,20,327
2014,MERCEDES_BENZ,ML_63_AMG_4MATIC,SUV_STANDARD,5.5,8,AS7,Z,17.2,13.5,15.5,18,356
2014,MERCEDES_BENZ,S_550_4MATIC_LWB,FULL_SIZE,4.7,8,AS7,Z,14.3,9.5,12.1,23,278
2014,MERCEDES_BENZ,S_550_4MATIC_SWB,FULL_SIZE,4.7,8,AS7,Z,14.2,9.4,12,24,276
2014,MERCEDES_BENZ,S_63_AMG_4MATIC,FULL_SIZE,5.5,8,AS7,Z,15.6,10.3,13.2,21,304
2014,MERCEDES_BENZ,SL_550,TWO_SEATER,4.7,8,AS7,Z,13.4,9.6,11.7,24,269
2014,MERCEDES_BENZ,SL_63_AMG,TWO_SEATER,5.5,8,AS7,Z,14.8,10.2,12.7,22,292
2014,MERCEDES_BENZ,SL_65_AMG,TWO_SEATER,6,8,AS7,Z,16.7,11.2,14.2,20,327
2014,MERCEDES_BENZ,SLK_250,TWO_SEATER,1.8,4,AS7,Z,10.3,7.2,8.9,32,205
2014,MERCEDES_BENZ,SLK_250,TWO_SEATER,1.8,4,M6,Z,10.4,7.3,9,31,207
2014,MERCEDES_BENZ,SLK_350,TWO_SEATER,3.5,6,AS7,Z,11.1,8.1,9.8,29,225
2014,MERCEDES_BENZ,SLK_55_AMG,TWO_SEATER,5.5,8,AS7,Z,12.3,8.7,10.7,26,246
2014,MERCEDES_BENZ,SLS_AMG_BLACK_SERIES_COUPE,TWO_SEATER,6.2,8,AS7,Z,18.7,13.9,16.5,17,380
2014,MERCEDES_BENZ,SLS_AMG_GT_COUPE,TWO_SEATER,6.2,8,AS7,Z,18.2,12.6,15.7,18,361
2014,MERCEDES_BENZ,SLS_AMG_ROADSTER,TWO_SEATER,6.2,8,AS7,Z,18.2,12.6,15.7,18,361
2014,MINI,COOPER_CLUBMAN,SUBCOMPACT,1.6,4,A6,Z,8.7,6.6,7.8,36,179
2014,MINI,COOPER_CLUBMAN,SUBCOMPACT,1.6,4,M6,Z,8.6,6.8,7.8,36,179
2014,MINI,COOPER_CONVERTIBLE,MINICOMPACT,1.6,4,A6,Z,8.7,6.6,7.8,36,179
2014,MINI,COOPER_CONVERTIBLE,MINICOMPACT,1.6,4,M6,Z,8.6,6.8,7.8,36,179
2014,MINI,COOPER_COUNTRYMAN,COMPACT,1.6,4,A6,Z,9.4,7.9,8.7,32,200
2014,MINI,COOPER_COUNTRYMAN,COMPACT,1.6,4,M6,Z,8.6,6.8,7.8,36,179
2014,MINI,COOPER_COUPE,TWO_SEATER,1.6,4,A6,Z,8.5,6.6,7.6,37,175
2014,MINI,COOPER_COUPE,TWO_SEATER,1.6,4,M6,Z,8,6.4,7.3,39,168
2014,MINI,COOPER_PACEMAN,COMPACT,1.6,4,A6,Z,9.4,7.9,8.7,32,200
2014,MINI,COOPER_PACEMAN,COMPACT,1.6,4,M6,Z,8.6,6.8,7.8,36,179
2014,MINI,COOPER_ROADSTER,TWO_SEATER,1.6,4,A6,Z,8.7,6.6,7.8,36,179
2014,MINI,COOPER_ROADSTER,TWO_SEATER,1.6,4,M6,Z,8.6,6.8,7.8,36,179
2014,MINI,COOPER_S_CLUBMAN,SUBCOMPACT,1.6,4,A6,Z,9.3,7,8.3,34,191
2014,MINI,COOPER_S_CLUBMAN,SUBCOMPACT,1.6,4,M6,Z,9.1,6.7,8,35,184
2014,MINI,COOPER_S_CONVERTIBLE,MINICOMPACT,1.6,4,A6,Z,9.3,7,8.3,34,191
2014,MINI,COOPER_S_CONVERTIBLE,MINICOMPACT,1.6,4,M6,Z,9.1,6.7,8,35,184
2014,MINI,COOPER_S_COUNTRYMAN_ALL4,COMPACT,1.6,4,A6,Z,10,7.8,9,31,207
2014,MINI,COOPER_S_COUNTRYMAN_ALL4,COMPACT,1.6,4,M6,Z,9.3,7.5,8.5,33,196
2014,MINI,COOPER_S_COUPE,TWO_SEATER,1.6,4,A6,Z,9.3,7,8.3,34,191
2014,MINI,COOPER_S_COUPE,TWO_SEATER,1.6,4,M6,Z,9.1,6.7,8,35,184
2014,MINI,COOPER_S_PACEMAN_ALL4,COMPACT,1.6,4,A6,Z,10,7.8,9,31,207
2014,MINI,COOPER_S_PACEMAN_ALL4,COMPACT,1.6,4,M6,Z,9.3,7.5,8.5,33,196
2014,MINI,COOPER_S_ROADSTER,TWO_SEATER,1.6,4,A6,Z,9.3,7,8.3,34,191
2014,MINI,COOPER_S_ROADSTER,TWO_SEATER,1.6,4,M6,Z,9.1,6.7,8,35,184
2014,MINI,JOHN_COOPER_WORKS_CLUBMAN,SUBCOMPACT,1.6,4,A6,Z,9.3,7,8.3,34,191
2014,MINI,JOHN_COOPER_WORKS_CLUBMAN,SUBCOMPACT,1.6,4,M6,Z,9.1,6.7,8,35,184
2014,MINI,JOHN_COOPER_WORKS_CONVERTIBLE,MINICOMPACT,1.6,4,A6,Z,9.3,7,8.3,34,191
2014,MINI,JOHN_COOPER_WORKS_CONVERTIBLE,MINICOMPACT,1.6,4,M6,Z,9.1,6.7,8,35,184
2014,MINI,JOHN_COOPER_WORKS_COUNTRYMAN_ALL4,COMPACT,1.6,4,A6,Z,10,7.8,9,31,207
2014,MINI,JOHN_COOPER_WORKS_COUNTRYMAN_ALL4,COMPACT,1.6,4,M6,Z,9.3,7.5,8.5,33,196
2014,MINI,JOHN_COOPER_WORKS_COUPE,TWO_SEATER,1.6,4,A6,Z,9.3,7,8.3,34,191
2014,MINI,JOHN_COOPER_WORKS_COUPE,TWO_SEATER,1.6,4,M6,Z,9.1,6.7,8,35,184
2014,MINI,JOHN_COOPER_WORKS_PACEMAN_ALL4,COMPACT,1.6,4,A6,Z,10,7.8,9,31,207
2014,MINI,JOHN_COOPER_WORKS_PACEMAN_ALL4,COMPACT,1.6,4,M6,Z,9.3,7.5,8.5,33,196
2014,MINI,JOHN_COOPER_WORKS_ROADSTER,TWO_SEATER,1.6,4,A6,Z,9.3,7,8.3,34,191
2014,MINI,JOHN_COOPER_WORKS_ROADSTER,TWO_SEATER,1.6,4,M6,Z,9.1,6.7,8,35,184
2014,MITSUBISHI,LANCER,COMPACT,2,4,AV6,X,9.2,7,8.2,34,189
2014,MITSUBISHI,LANCER,COMPACT,2,4,M5,X,9.6,6.8,8.3,34,191
2014,MITSUBISHI,LANCER_AWD,COMPACT,2.4,4,AV6,X,10.5,8.2,9.5,30,218
2014,MITSUBISHI,LANCER_EVOLUTION,COMPACT,2,4,AM6,Z,14.2,10.5,12.5,23,288
2014,MITSUBISHI,LANCER_EVOLUTION,COMPACT,2,4,M5,Z,14,10.3,12.3,23,283
2014,MITSUBISHI,LANCER_RALLIART,COMPACT,2,4,AM6,Z,13.4,9.4,11.6,24,267
2014,MITSUBISHI,LANCER_SPORTBACK,STATION_WAGON_SMALL,2,4,AV6,X,9.6,7.3,8.6,33,198
2014,MITSUBISHI,LANCER_SPORTBACK,STATION_WAGON_SMALL,2,4,M5,X,9.8,7.1,8.6,33,198
2014,MITSUBISHI,MIRAGE,COMPACT,1.2,3,AV,X,6.4,5.4,6,47,138
2014,MITSUBISHI,MIRAGE,COMPACT,1.2,3,M5,X,7,5.6,6.4,44,147
2014,MITSUBISHI,OUTLANDER,SUV_SMALL,2.4,4,AV6,X,9.5,7.5,8.6,33,198
2014,MITSUBISHI,OUTLANDER_4WD,SUV_SMALL,2.4,4,AV6,X,9.9,8.1,9.1,31,209
2014,MITSUBISHI,OUTLANDER_4WD,SUV_SMALL,3,6,AS6,Z,11.5,8.5,10.2,28,235
2014,MITSUBISHI,RVR,SUV_SMALL,2,4,AV6,X,9.6,7.6,8.7,32,200
2014,MITSUBISHI,RVR,SUV_SMALL,2,4,M5,X,9.9,7.5,8.8,32,202
2014,MITSUBISHI,RVR_4WD,SUV_SMALL,2,4,AV6,X,9.8,8,9,31,207
2014,NISSAN,370Z,TWO_SEATER,3.7,6,AS7,Z,12.6,9.1,11,26,253
2014,NISSAN,370Z,TWO_SEATER,3.7,6,M6,Z,13.3,9.3,11.5,25,264
2014,NISSAN,370Z_ROADSTER,TWO_SEATER,3.7,6,AS7,Z,13,9.5,11.4,25,262
2014,NISSAN,370Z_ROADSTER,TWO_SEATER,3.7,6,M6,Z,13.5,9.6,11.7,24,269
2014,NISSAN,ALTIMA,MID_SIZE,2.5,4,AV,X,8.7,6.2,7.6,37,175
2014,NISSAN,ALTIMA,MID_SIZE,3.5,6,AV,X,10.8,7.4,9.3,30,214
2014,NISSAN,ARMADA_4WD,SUV_STANDARD,5.6,8,A5,X,19.1,13.4,16.5,17,380
2014,NISSAN,FRONTIER,PICKUP_TRUCK_SMALL,2.5,4,A5,X,13.7,10.6,12.3,23,283
2014,NISSAN,FRONTIER,PICKUP_TRUCK_SMALL,2.5,4,M5,X,12.2,10.2,11.3,25,260
2014,NISSAN,FRONTIER,PICKUP_TRUCK_SMALL,4,6,A5,X,14.7,10.2,12.7,22,292
2014,NISSAN,FRONTIER_4WD,PICKUP_TRUCK_SMALL,4,6,A5,X,15.7,11.2,13.7,21,315
2014,NISSAN,FRONTIER_4WD,PICKUP_TRUCK_SMALL,4,6,M6,X,14.8,11,13.1,22,301
2014,NISSAN,GT_R,SUBCOMPACT,3.8,6,AM6,Z,14.5,10.9,12.9,22,297
2014,NISSAN,JUKE,STATION_WAGON_SMALL,1.6,4,AV,Z,8.7,7.3,8.1,35,186
2014,NISSAN,JUKE,STATION_WAGON_SMALL,1.6,4,M6,Z,9.5,7.6,8.6,33,198
2014,NISSAN,JUKE_AWD,STATION_WAGON_SMALL,1.6,4,AV,Z,9.3,7.9,8.7,32,200
2014,NISSAN,MAXIMA,MID_SIZE,3.5,6,AV,Z,12.3,9.1,10.9,26,251
2014,NISSAN,MURANO_AWD,SUV_SMALL,3.5,6,AV,X,13.2,10.1,11.8,24,271
2014,NISSAN,NV200_CARGO_VAN,SPECIAL_PURPOSE_VEHICLE,2,4,AV,X,10,8.5,9.3,30,214
2014,NISSAN,PATHFINDER,SUV_SMALL,3.5,6,AV,X,12,8.9,10.6,27,244
2014,NISSAN,PATHFINDER_4WD,SUV_SMALL,3.5,6,AV,X,12.3,9.3,11,26,253
2014,NISSAN,PATHFINDER_HYBRID_4WD,SUV_STANDARD,2.5,4,AV,X,9.1,8.5,8.8,32,202
2014,NISSAN,QUEST,MINIVAN,3.5,6,AV,X,12.5,9.5,11.1,25,255
2014,NISSAN,ROGUE,SUV_SMALL,2.5,4,AV,X,9.2,7.2,8.3,34,191
2014,NISSAN,ROGUE_AWD,SUV_SMALL,2.5,4,AV,X,9.5,7.4,8.6,33,198
2014,NISSAN,SENTRA,MID_SIZE,1.8,4,AV,X,7.8,6,7,40,161
2014,NISSAN,SENTRA,MID_SIZE,1.8,4,M6,X,8.7,6.6,7.8,36,179
2014,NISSAN,TITAN,PICKUP_TRUCK_STANDARD,5.6,8,A5,X,17.9,12.8,15.6,18,359
2014,NISSAN,TITAN_4WD,PICKUP_TRUCK_STANDARD,5.6,8,A5,X,19.7,14.3,17.3,16,398
2014,NISSAN,VERSA,COMPACT,1.6,4,AV,X,7.2,5.8,6.6,43,152
2014,NISSAN,VERSA,COMPACT,1.6,4,M5,X,8.6,6.5,7.7,37,177
2014,NISSAN,XTERRA_4WD,SUV_SMALL,4,6,A5,X,16.1,11.9,14.2,20,327
2014,NISSAN,XTERRA_4WD,SUV_SMALL,4,6,M6,X,15.2,11.9,13.7,21,315
2014,PORSCHE,911_CARRERA,MINICOMPACT,3.4,6,AM7,Z,11.6,8.3,10.1,28,232
2014,PORSCHE,911_CARRERA,MINICOMPACT,3.4,6,M7,Z,12.5,8.6,10.7,26,246
2014,PORSCHE,911_CARRERA_4,MINICOMPACT,3.4,6,AM7,Z,11.8,8.5,10.3,27,237
2014,PORSCHE,911_CARRERA_4,MINICOMPACT,3.4,6,M7,Z,12.4,8.6,10.7,26,246
2014,PORSCHE,911_CARRERA_4_CABRIOLET,MINICOMPACT,3.4,6,AM7,Z,12,8.7,10.5,27,242
2014,PORSCHE,911_CARRERA_4_CABRIOLET,MINICOMPACT,3.4,6,M7,Z,12.6,9,11,26,253
2014,PORSCHE,911_CARRERA_4S,MINICOMPACT,3.8,6,AM7,Z,12.3,8.9,10.8,26,248
2014,PORSCHE,911_CARRERA_4S,MINICOMPACT,3.8,6,M7,Z,12.8,8.9,11,26,253
2014,PORSCHE,911_CARRERA_4S_CABRIOLET,MINICOMPACT,3.8,6,AM7,Z,12.7,9,11,26,253
2014,PORSCHE,911_CARRERA_4S_CABRIOLET,MINICOMPACT,3.8,6,M7,Z,12.9,9.1,11.2,25,258
2014,PORSCHE,911_CARRERA_CABRIOLET,MINICOMPACT,3.4,6,AM7,Z,11.6,8.3,10.1,28,232
2014,PORSCHE,911_CARRERA_CABRIOLET,MINICOMPACT,3.4,6,M7,Z,12.4,8.6,10.7,26,246
2014,PORSCHE,911_CARRERA_S,MINICOMPACT,3.8,6,AM7,Z,12.1,8.7,10.6,27,244
2014,PORSCHE,911_CARRERA_S,MINICOMPACT,3.8,6,M7,Z,12.6,8.6,10.8,26,248
2014,PORSCHE,911_CARRERA_S_CABRIOLET,MINICOMPACT,3.8,6,AM7,Z,12.4,8.7,10.7,26,246
2014,PORSCHE,911_CARRERA_S_CABRIOLET,MINICOMPACT,3.8,6,M7,Z,12.6,8.8,10.9,26,251
2014,PORSCHE,911_GT3,TWO_SEATER,3.8,6,AM7,Z,16,11.5,14,20,322
2014,PORSCHE,911_TURBO,MINICOMPACT,3.8,6,AM7,Z,13.7,9.6,11.9,24,274
2014,PORSCHE,911_TURBO_CABRIOLET,MINICOMPACT,3.8,6,AM7,Z,13.7,9.6,11.9,24,274
2014,PORSCHE,911_TURBO_S,MINICOMPACT,3.8,6,AM7,Z,13.7,9.6,11.9,24,274
2014,PORSCHE,911_TURBO_S_CABRIOLET,MINICOMPACT,3.8,6,AM7,Z,13.7,9.6,11.9,24,274
2014,PORSCHE,BOXSTER,TWO_SEATER,2.7,6,AM7,Z,10.7,7.4,9.2,31,212
2014,PORSCHE,BOXSTER,TWO_SEATER,2.7,6,M6,Z,11.5,7.9,9.9,29,228
2014,PORSCHE,BOXSTER_S,TWO_SEATER,3.4,6,AM7,Z,11.3,7.9,9.8,29,225
2014,PORSCHE,BOXSTER_S,TWO_SEATER,3.4,6,M6,Z,11.9,8.6,10.4,27,239
2014,PORSCHE,CAYENNE,SUV_STANDARD,3.6,6,A8,Z,13.6,10.1,12,24,276
2014,PORSCHE,CAYENNE,SUV_STANDARD,3.6,6,M6,Z,15.8,10.9,13.6,21,313
2014,PORSCHE,CAYENNE_DIESEL,SUV_STANDARD,3,6,A8,D,12.2,8.1,10.4,27,281
2014,PORSCHE,CAYENNE_GTS,SUV_STANDARD,4.8,8,A8,Z,15.9,11.4,13.9,20,320
2014,PORSCHE,CAYENNE_S,SUV_STANDARD,4.8,8,A8,Z,15,10.6,13,22,299
2014,PORSCHE,CAYENNE_S_HYBRID,SUV_STANDARD,3,6,A8,Z,11.8,9.9,10.9,26,251
2014,PORSCHE,CAYENNE_TURBO,SUV_STANDARD,4.8,8,A8,Z,15.9,10.9,13.7,21,315
2014,PORSCHE,CAYMAN,TWO_SEATER,2.7,6,AM7,Z,10.7,7.4,9.2,31,212
2014,PORSCHE,CAYMAN,TWO_SEATER,2.7,6,M6,Z,11.5,7.9,9.9,29,228
2014,PORSCHE,CAYMAN_S,TWO_SEATER,3.4,6,AM7,Z,11.3,7.9,9.8,29,225
2014,PORSCHE,CAYMAN_S,TWO_SEATER,3.4,6,M6,Z,11.9,8.6,10.4,27,239
2014,PORSCHE,PANAMERA,FULL_SIZE,3.6,6,AM7,Z,12.9,8.4,10.9,26,251
2014,PORSCHE,PANAMERA_4,FULL_SIZE,3.6,6,AM7,Z,13.1,8.7,11.1,25,255
2014,PORSCHE,PANAMERA_4S,FULL_SIZE,3,6,AM7,Z,13.4,8.8,11.3,25,260
2014,PORSCHE,PANAMERA_4S_EXECUTIVE,FULL_SIZE,3,6,AM7,Z,13.7,8.9,11.5,25,264
2014,PORSCHE,PANAMERA_GTS,FULL_SIZE,4.8,8,AM7,Z,15.1,9.7,12.7,22,292
2014,PORSCHE,PANAMERA_S,FULL_SIZE,3,6,AM7,Z,13.4,8.8,11.3,25,260
2014,PORSCHE,PANAMERA_TURBO,FULL_SIZE,4.8,8,AM7,Z,15.3,9.7,12.8,22,294
2014,PORSCHE,PANAMERA_TURBO_EXECUTIVE,FULL_SIZE,4.8,8,AM7,Z,15.4,9.8,12.9,22,297
2014,RAM,1500_(MDS),PICKUP_TRUCK_STANDARD,5.7,8,A6,X,17.1,12,14.8,19,340
2014,RAM,1500_(MDS),PICKUP_TRUCK_STANDARD,5.7,8,A8,X,15.8,10.9,13.6,21,313
2014,RAM,1500_4X4_(MDS),PICKUP_TRUCK_STANDARD,5.7,8,A6,X,17.6,12.7,15.4,18,354
2014,RAM,1500_4X4_(MDS),PICKUP_TRUCK_STANDARD,5.7,8,A8,X,16.3,11.5,14.1,20,324
2014,RAM,1500_4X4_DIESEL,PICKUP_TRUCK_STANDARD,3,6,A8,D,12.1,8.8,10.6,27,286
2014,RAM,1500_4X4_FFV,PICKUP_TRUCK_STANDARD,3.6,6,A8,X,14.6,10.1,12.6,22,290
2014,RAM,1500_4X4_FFV,PICKUP_TRUCK_STANDARD,3.6,6,A8,E,20.5,14.5,17.8,16,285
2014,RAM,1500_DIESEL,PICKUP_TRUCK_STANDARD,3,6,A8,D,11.6,8.4,10.2,28,275
2014,RAM,1500_FFV,PICKUP_TRUCK_STANDARD,3.6,6,A8,X,13.9,9.5,11.9,24,274
2014,RAM,1500_FFV,PICKUP_TRUCK_STANDARD,3.6,6,A8,E,19.4,13.6,16.8,17,269
2014,RAM,1500_HFE,PICKUP_TRUCK_STANDARD,3.6,6,A8,X,12.9,9.3,11.3,25,260
2014,RAM,CARGO_VAN_FFV,MINIVAN,3.6,6,A6,X,13.3,9.1,11.4,25,262
2014,RAM,CARGO_VAN_FFV,MINIVAN,3.6,6,A6,E,18.6,12.7,15.9,18,254
2014,ROLLS_ROYCE,GHOST,FULL_SIZE,6.6,12,A8,Z,19.1,12.3,16,18,368
2014,ROLLS_ROYCE,GHOST_EWB,FULL_SIZE,6.6,12,A8,Z,19.1,12.3,16,18,368
2014,ROLLS_ROYCE,PHANTOM,FULL_SIZE,6.7,12,A8,Z,20.7,12.8,17.1,17,393
2014,ROLLS_ROYCE,PHANTOM_COUPE,COMPACT,6.7,12,A8,Z,20.7,12.8,17.1,17,393
2014,ROLLS_ROYCE,PHANTOM_DROPHEAD_COUPE,COMPACT,6.7,12,A8,Z,20.7,12.7,17.1,17,393
2014,ROLLS_ROYCE,PHANTOM_EWB,FULL_SIZE,6.7,12,A8,Z,20.7,12.7,17.1,17,393
2014,ROLLS_ROYCE,WRAITH,MID_SIZE,6.6,12,A8,Z,18.7,11.8,15.6,18,359
2014,SCION,FR_S,MINICOMPACT,2,4,AS6,Z,9.6,7,8.4,34,193
2014,SCION,FR_S,MINICOMPACT,2,4,M6,Z,10.9,7.8,9.5,30,218
2014,SCION,iQ,MINICOMPACT,1.3,4,AV,X,6.6,5.7,6.2,46,143
2014,SCION,tC,COMPACT,2.5,4,AS6,X,10.2,7.5,9,31,207
2014,SCION,tC,COMPACT,2.5,4,M6,X,10.2,7.6,9,31,207
2014,SCION,xB,STATION_WAGON_SMALL,2.4,4,AS4,X,10.9,8.6,9.9,29,228
2014,SCION,xB,STATION_WAGON_SMALL,2.4,4,M5,X,10.9,8.6,9.9,29,228
2014,SCION,xD,SUBCOMPACT,1.8,4,A4,X,8.8,7.1,8,35,184
2014,SCION,xD,SUBCOMPACT,1.8,4,M5,X,8.6,7.1,7.9,36,182
2014,SMART,FORTWO_CABRIOLET,TWO_SEATER,1,3,AM5,Z,6.9,5.7,6.4,44,147
2014,SMART,FORTWO_COUPE,TWO_SEATER,1,3,AM5,Z,6.9,5.7,6.4,44,147
2014,SRT,VIPER_COUPE,TWO_SEATER,8.4,10,M6,Z,20,13,16.9,17,389
2014,SRT,VIPER_GTS_COUPE,TWO_SEATER,8.4,10,M6,Z,20,13,16.9,17,389
2014,SUBARU,BRZ,MINICOMPACT,2,4,AS6,Z,9.6,7.1,8.5,33,196
2014,SUBARU,BRZ,MINICOMPACT,2,4,M6,Z,11,7.9,9.6,29,221
2014,SUBARU,FORESTER_AWD,SUV_SMALL,2,4,AV,Z,10.2,8.6,9.5,30,218
2014,SUBARU,FORESTER_AWD,SUV_SMALL,2.5,4,AV,X,9.6,7.4,8.6,33,198
2014,SUBARU,FORESTER_AWD,SUV_SMALL,2.5,4,M6,X,10.9,8.3,9.7,29,223
2014,SUBARU,IMPREZA_AWD,COMPACT,2,4,AV,X,8.7,6.6,7.8,36,179
2014,SUBARU,IMPREZA_AWD,COMPACT,2,4,M5,X,9.6,7.1,8.5,33,196
2014,SUBARU,IMPREZA_AWD,COMPACT,2.5,4,M5,Z,12.6,9.5,11.2,25,258
2014,SUBARU,IMPREZA_AWD,COMPACT,2.5,4,M6,Z,14.2,10.4,12.5,23,288
2014,SUBARU,IMPREZA_WAGON_AWD,STATION_WAGON_SMALL,2,4,AV,X,8.7,6.6,7.8,36,179
2014,SUBARU,IMPREZA_WAGON_AWD,STATION_WAGON_SMALL,2,4,M5,X,9.6,7.1,8.5,33,196
2014,SUBARU,IMPREZA_WAGON_AWD,STATION_WAGON_SMALL,2.5,4,M5,Z,12.6,9.5,11.2,25,258
2014,SUBARU,IMPREZA_WAGON_AWD,STATION_WAGON_SMALL,2.5,4,M6,Z,14.2,10.4,12.5,23,288
2014,SUBARU,LEGACY_AWD,MID_SIZE,2.5,4,AV,X,9.7,7.3,8.6,33,198
2014,SUBARU,LEGACY_AWD,MID_SIZE,2.5,4,M6,X,11.3,8.2,9.9,29,228
2014,SUBARU,LEGACY_AWD,MID_SIZE,3.6,6,AS5,X,13.3,9.5,11.6,24,267
2014,SUBARU,OUTBACK_AWD,SUV_SMALL,2.5,4,AV,X,9.9,7.8,9,31,207
2014,SUBARU,OUTBACK_AWD,SUV_SMALL,2.5,4,M6,X,10.8,8.5,9.8,29,225
2014,SUBARU,OUTBACK_AWD,SUV_SMALL,3.6,6,AS5,X,13.4,9.7,11.7,24,269
2014,SUBARU,TRIBECA_AWD,SUV_SMALL,3.6,6,AS5,X,14.7,11.1,13.1,22,301
2014,SUBARU,XV_CROSSTREK_AWD,SUV_SMALL,2,4,AV,X,9.5,7.2,8.5,33,196
2014,SUBARU,XV_CROSSTREK_AWD,SUV_SMALL,2,4,M5,X,10.2,8,9.2,31,212
2014,SUBARU,XV_CROSSTREK_HYBRID_AWD,SUV_SMALL,2,4,AV,X,8.1,7.2,7.7,37,177
2014,TOYOTA,4RUNNER_(Part_Time_4WD),SUV_STANDARD,4,6,AS5,X,14.3,11.1,12.9,22,297
2014,TOYOTA,4RUNNER_4WD,SUV_STANDARD,4,6,AS5,X,14.3,11.1,12.9,22,297
2014,TOYOTA,AVALON,MID_SIZE,3.5,6,AS6,X,11.3,7.6,9.6,29,221
2014,TOYOTA,CAMRY,MID_SIZE,2.5,4,AS6,X,9.5,6.6,8.2,34,189
2014,TOYOTA,CAMRY,MID_SIZE,3.5,6,AS6,X,11.1,7.8,9.6,29,221
2014,TOYOTA,CAMRY_HYBRID_LE,MID_SIZE,2.5,4,AV,X,5.5,5.9,5.7,50,131
2014,TOYOTA,CAMRY_HYBRID_XLE/SE,MID_SIZE,2.5,4,AV,X,5.8,6.2,6,47,138
2014,TOYOTA,COROLLA,MID_SIZE,1.8,4,A4,X,8.6,6.5,7.7,37,177
2014,TOYOTA,COROLLA,MID_SIZE,1.8,4,AV7,X,8.1,6.3,7.3,39,168
2014,TOYOTA,COROLLA,MID_SIZE,1.8,4,AV,X,8,5.9,7.1,40,163
2014,TOYOTA,COROLLA,MID_SIZE,1.8,4,M6,X,8.3,6.3,7.4,38,170
2014,TOYOTA,COROLLA_LE_ECO_(1_mode),MID_SIZE,1.8,4,AV,X,7.7,5.6,6.8,42,156
2014,TOYOTA,COROLLA_LE_ECO_(2_mode),MID_SIZE,1.8,4,AV,X,7.8,5.9,6.9,41,159
2014,TOYOTA,COROLLA_MATRIX,STATION_WAGON_SMALL,1.8,4,A4,X,9.4,7.5,8.5,33,196
2014,TOYOTA,COROLLA_MATRIX,STATION_WAGON_SMALL,1.8,4,M5,X,8.9,7.3,8.2,34,189
2014,TOYOTA,FJ_CRUISER_4WD,SUV_SMALL,4,6,A5,X,14.3,11.2,12.9,22,297
2014,TOYOTA,FJ_CRUISER_4WD,SUV_SMALL,4,6,M6,X,15.4,12.1,13.9,20,320
2014,TOYOTA,HIGHLANDER,SUV_SMALL,2.7,4,AS6,X,11.7,8.6,10.3,27,237
2014,TOYOTA,HIGHLANDER,SUV_SMALL,3.5,6,AS6,X,12.6,9.4,11.2,25,258
2014,TOYOTA,HIGHLANDER_AWD,SUV_STANDARD,3.5,6,AS6,X,13,9.7,11.5,25,264
2014,TOYOTA,HIGHLANDER_HYBRID_AWD,SUV_STANDARD,3.5,6,AV6,X,8,8.6,8.3,34,191
2014,TOYOTA,HIGHLANDER_HYBRID_AWD_LE,SUV_STANDARD,3.5,6,AV6,X,7.9,8.6,8.2,34,189
2014,TOYOTA,PRIUS,MID_SIZE,1.8,4,AV,X,4.7,4.9,4.8,59,110
2014,TOYOTA,PRIUS_c,COMPACT,1.5,4,AV,X,4.6,4.9,4.7,60,108
2014,TOYOTA,PRIUS_v,STATION_WAGON_MID_SIZE,1.8,4,AV,X,5.3,5.8,5.5,51,126
2014,TOYOTA,RAV4,SUV_SMALL,2.5,4,AS6,X,10,7.6,8.9,32,205
2014,TOYOTA,RAV4_AWD,SUV_SMALL,2.5,4,AS6,X,10.4,8.1,9.4,30,216
2014,TOYOTA,RAV4_LIMITED_AWD,SUV_SMALL,2.5,4,AS6,X,10.6,8.2,9.5,30,218
2014,TOYOTA,SEQUOIA_4WD,SUV_STANDARD,5.7,8,AS6,X,19,13.9,16.7,17,384
2014,TOYOTA,SIENNA,MINIVAN,3.5,6,AS6,X,12.9,9.4,11.3,25,260
2014,TOYOTA,SIENNA_AWD,MINIVAN,3.5,6,AS6,X,14.2,10.3,12.4,23,285
2014,TOYOTA,TACOMA,PICKUP_TRUCK_SMALL,2.7,4,A4,X,12.2,9.3,10.9,26,251
2014,TOYOTA,TACOMA,PICKUP_TRUCK_SMALL,2.7,4,M5,X,11.3,8.9,10.2,28,235
2014,TOYOTA,TACOMA,PICKUP_TRUCK_SMALL,4,6,M6,X,14.5,11.3,13.1,22,301
2014,TOYOTA,TACOMA_4WD,PICKUP_TRUCK_SMALL,2.7,4,A4,X,13.1,10.5,11.9,24,274
2014,TOYOTA,TACOMA_4WD,PICKUP_TRUCK_SMALL,2.7,4,M5,X,12.8,10.6,11.8,24,271
2014,TOYOTA,TACOMA_4WD,PICKUP_TRUCK_SMALL,4,6,A5,X,14.7,11.5,13.3,21,306
2014,TOYOTA,TACOMA_4WD,PICKUP_TRUCK_SMALL,4,6,M6,X,15.3,12.3,14,20,322
2014,TOYOTA,TUNDRA,PICKUP_TRUCK_STANDARD,4,6,AS5,X,14.8,11.8,13.5,21,310
2014,TOYOTA,TUNDRA,PICKUP_TRUCK_STANDARD,4.6,8,AS6,X,15.9,12.3,14.3,20,329
2014,TOYOTA,TUNDRA,PICKUP_TRUCK_STANDARD,5.7,8,AS6,X,17.6,12.9,15.5,18,356
2014,TOYOTA,TUNDRA_4WD,PICKUP_TRUCK_STANDARD,4.6,8,AS6,X,16.9,12.8,15.1,19,347
2014,TOYOTA,TUNDRA_4WD,PICKUP_TRUCK_STANDARD,5.7,8,AS6,X,18.1,13.9,16.2,17,373
2014,TOYOTA,VENZA,SUV_SMALL,2.7,4,AS6,X,11.4,8.2,10,28,230
2014,TOYOTA,VENZA,SUV_SMALL,3.5,6,AS6,X,12.6,9.1,11,26,253
2014,TOYOTA,VENZA_4WD,SUV_SMALL,2.7,4,AS6,X,11.6,8.5,10.2,28,235
2014,TOYOTA,VENZA_4WD,SUV_SMALL,3.5,6,AS6,X,12.9,9.4,11.3,25,260
2014,TOYOTA,YARIS,COMPACT,1.5,4,A4,X,7.9,6.6,7.3,39,168
2014,TOYOTA,YARIS,COMPACT,1.5,4,M5,X,7.8,6.3,7.1,40,163
2014,VOLKSWAGEN,BEETLE,COMPACT,1.8,4,A6,X,9.5,7.2,8.5,33,196
2014,VOLKSWAGEN,BEETLE,COMPACT,1.8,4,M5,X,9.9,7.2,8.7,32,200
2014,VOLKSWAGEN,BEETLE,COMPACT,2,4,A6,Z,10.3,7.7,9.1,31,209
2014,VOLKSWAGEN,BEETLE,COMPACT,2,4,M6,Z,10.8,7.6,9.4,30,216
2014,VOLKSWAGEN,BEETLE,COMPACT,2.5,5,A6,X,10.9,8.4,9.8,29,225
2014,VOLKSWAGEN,BEETLE,COMPACT,2.5,5,M5,X,11.2,7.7,9.6,29,221
2014,VOLKSWAGEN,BEETLE_CONVERTIBLE,SUBCOMPACT,1.8,4,A6,X,9.8,7.3,8.7,32,200
2014,VOLKSWAGEN,BEETLE_CONVERTIBLE,SUBCOMPACT,2,4,A6,Z,10.3,8.1,9.3,30,214
2014,VOLKSWAGEN,BEETLE_CONVERTIBLE,SUBCOMPACT,2,4,M6,Z,10.8,7.6,9.4,30,216
2014,VOLKSWAGEN,BEETLE_CONVERTIBLE,SUBCOMPACT,2.5,5,A6,X,11.2,8.7,10.1,28,232
2014,VOLKSWAGEN,BEETLE_TDI_CLEAN_DIESEL,COMPACT,2,4,A6,D,8.2,6.1,7.3,39,197
2014,VOLKSWAGEN,BEETLE_TDI_CLEAN_DIESEL,COMPACT,2,4,M6,D,8.5,5.8,7.3,39,197
2014,VOLKSWAGEN,CC,COMPACT,2,4,A6,Z,11.1,7.9,9.7,29,223
2014,VOLKSWAGEN,CC,COMPACT,2,4,M6,Z,11.6,7.7,9.8,29,225
2014,VOLKSWAGEN,CC_4MOTION,COMPACT,3.6,6,A6,Z,14.3,9.8,12.3,23,283
2014,VOLKSWAGEN,EOS,SUBCOMPACT,2,4,A6,Z,10.9,8,9.6,29,221
2014,VOLKSWAGEN,GOLF_WAGON,STATION_WAGON_SMALL,2.5,5,A6,X,11,7.7,9.5,30,218
2014,VOLKSWAGEN,GOLF_WAGON,STATION_WAGON_SMALL,2.5,5,M5,X,11.2,7.3,9.4,30,216
2014,VOLKSWAGEN,GOLF_WAGON_TDI_CLEAN_DIESEL,STATION_WAGON_SMALL,2,4,A6,D,8.2,6,7.2,39,194
2014,VOLKSWAGEN,GOLF_WAGON_TDI_CLEAN_DIESEL,STATION_WAGON_SMALL,2,4,M6,D,7.9,5.6,6.9,41,186
2014,VOLKSWAGEN,JETTA,COMPACT,1.8,4,A6,X,9.5,6.7,8.2,34,189
2014,VOLKSWAGEN,JETTA,COMPACT,1.8,4,M5,X,9.4,6.7,8.2,34,189
2014,VOLKSWAGEN,JETTA,COMPACT,2,4,A6,X,10.6,8,9.4,30,216
2014,VOLKSWAGEN,JETTA,COMPACT,2,4,M5,X,10.4,7.2,9,31,207
2014,VOLKSWAGEN,JETTA_GLI,COMPACT,2,4,A6,Z,10.2,7.5,9,31,207
2014,VOLKSWAGEN,JETTA_GLI,COMPACT,2,4,M6,Z,10.6,7.4,9.2,31,212
2014,VOLKSWAGEN,JETTA_TDI_CLEAN_DIESEL,COMPACT,2,4,A6,D,7.9,5.7,6.9,41,186
2014,VOLKSWAGEN,JETTA_TDI_CLEAN_DIESEL,COMPACT,2,4,M6,D,7.9,5.6,6.9,41,186
2014,VOLKSWAGEN,JETTA_TURBO_HYBRID,COMPACT,1.4,4,AM7,Z,5.6,5.2,5.4,52,124
2014,VOLKSWAGEN,PASSAT,MID_SIZE,1.8,4,A6,X,9.9,6.9,8.6,33,198
2014,VOLKSWAGEN,PASSAT,MID_SIZE,1.8,4,M5,X,10,6.9,8.6,33,198
2014,VOLKSWAGEN,PASSAT,MID_SIZE,2.5,5,A6,X,11,8,9.7,29,223
2014,VOLKSWAGEN,PASSAT,MID_SIZE,2.5,5,M5,X,11.4,7.8,9.8,29,225
2014,VOLKSWAGEN,PASSAT,MID_SIZE,3.6,6,A6,Z,12.4,8.8,10.8,26,248
2014,VOLKSWAGEN,PASSAT_TDI_CLEAN_DIESEL,MID_SIZE,2,4,A6,D,8.1,5.9,7.1,40,192
2014,VOLKSWAGEN,PASSAT_TDI_CLEAN_DIESEL,MID_SIZE,2,4,M6,D,8,5.4,6.8,42,184
2014,VOLKSWAGEN,ROUTAN,MINIVAN,3.6,6,A6,X,14.2,9.5,12.1,23,278
2014,VOLKSWAGEN,TIGUAN,SUV_SMALL,2,4,A6,Z,11.7,9.5,10.7,26,246
2014,VOLKSWAGEN,TIGUAN,SUV_SMALL,2,4,M6,Z,13.6,9.2,11.6,24,267
2014,VOLKSWAGEN,TIGUAN_4MOTION,SUV_SMALL,2,4,A6,Z,11.7,9.4,10.7,26,246
2014,VOLKSWAGEN,TOUAREG,SUV_STANDARD,3.6,6,AS8,Z,13.8,10.3,12.2,23,281
2014,VOLKSWAGEN,TOUAREG_TDI_CLEAN_DIESEL,SUV_STANDARD,3,6,AS8,D,12.3,8,10.4,27,281
2014,VOLVO,S60,COMPACT,2.5,5,AS6,X,11.3,7.8,9.7,29,223
2014,VOLVO,S60_AWD,COMPACT,2.5,5,AS6,X,11.6,8.3,10.1,28,232
2014,VOLVO,S60_AWD,COMPACT,3,6,AS6,X,13.2,9.5,11.5,25,264
2014,VOLVO,S80,MID_SIZE,3.2,6,AS6,X,11.9,8.1,10.2,28,235
2014,VOLVO,S80_AWD,MID_SIZE,3,6,AS6,X,13.2,9.5,11.5,25,264
2014,VOLVO,XC60,SUV_SMALL,3.2,6,AS6,X,13,8.9,11.2,25,258
2014,VOLVO,XC60_AWD,SUV_SMALL,3,6,AS6,X,13.4,9.8,11.8,24,271
2014,VOLVO,XC60_AWD,SUV_SMALL,3.2,6,AS6,X,13.2,9.5,11.5,25,264
2014,VOLVO,XC70_AWD,SUV_SMALL,3,6,AS6,X,13.4,9.8,11.8,24,271
2014,VOLVO,XC70_AWD,SUV_SMALL,3.2,6,AS6,X,12.9,9.3,11.3,25,260
2014,VOLVO,XC90_AWD,SUV_STANDARD,3.2,6,AS6,X,14.9,10.2,12.8,22,294
